incident_id,queue,priority_rank,priority,track,source_dataset,chamber_id,incident_start_datetime,incident_end_datetime,window_count,max_track_score,max_management_score,max_environment_score,tier,reason,recommended_action,environment_temp_policy,environment_temp_label,environment_temp_action
environment-0001,environment,1,urgent,clearfarm_rule_policy,ClearFarm,clearfarm:exp3:penF2.3,2022-07-19,2022-07-19 23:59:59,1,2.1,0.6,1.2,high,"policy:cctv_focus rule: management: feed_drop | environment: nh3_high,barn_temp_high","고온/열스트레스 가능성 확인, 냉방/환기/온습도 센서와 CCTV 상태 확인",high_confidence,고확신,CCTV/현장 확인 우선순위
environment-0002,environment,1,urgent,clearfarm_rule_policy,ClearFarm,clearfarm:exp3:penF3.3,2022-07-19,2022-07-19 23:59:59,1,2.1,0.6,1.2,high,"policy:cctv_focus rule: management: feed_drop | environment: nh3_high,barn_temp_high","고온/열스트레스 가능성 확인, 냉방/환기/온습도 센서와 CCTV 상태 확인",high_confidence,고확신,CCTV/현장 확인 우선순위
environment-0003,environment,1,urgent,clearfarm_rule_policy,ClearFarm,clearfarm:exp3:penB3.3,2022-08-02,2022-08-02 23:59:59,1,2.1,0.6,1.2,high,"policy:cctv_focus rule: management: feed_drop | environment: nh3_high,barn_temp_high","고온/열스트레스 가능성 확인, 냉방/환기/온습도 센서와 CCTV 상태 확인",high_confidence,고확신,CCTV/현장 확인 우선순위
environment-0004,environment,1,urgent,clearfarm_rule_policy,ClearFarm,clearfarm:exp3:penC2.3,2022-07-19,2022-07-19 23:59:59,1,1.7999999999999998,0.0,1.7999999999999998,high,"policy:cctv_focus rule: environment: co2_high,nh3_high,barn_temp_high","고온/열스트레스 가능성 확인, 냉방/환기/온습도 센서와 CCTV 상태 확인",high_confidence,고확신,CCTV/현장 확인 우선순위
environment-0005,environment,1,urgent,clearfarm_rule_policy,ClearFarm,clearfarm:exp3:penC3.3,2022-07-19,2022-07-19 23:59:59,1,1.7999999999999998,0.0,1.7999999999999998,high,"policy:cctv_focus rule: environment: co2_high,nh3_high,barn_temp_high","고온/열스트레스 가능성 확인, 냉방/환기/온습도 센서와 CCTV 상태 확인",high_confidence,고확신,CCTV/현장 확인 우선순위
environment-0006,environment,1,urgent,clearfarm_rule_policy,ClearFarm,clearfarm:exp3:penD2.3,2022-06-17,2022-06-17 23:59:59,1,1.2,0.0,1.2,high,"policy:cctv_focus rule: environment: nh3_high,barn_temp_high","고온/열스트레스 가능성 확인, 냉방/환기/온습도 센서와 CCTV 상태 확인",high_confidence,고확신,CCTV/현장 확인 우선순위
environment-0007,environment,1,urgent,clearfarm_rule_policy,ClearFarm,clearfarm:exp3:penD3.3,2022-06-17,2022-06-17 23:59:59,1,1.2,0.0,1.2,high,"policy:cctv_focus rule: environment: nh3_high,barn_temp_high","고온/열스트레스 가능성 확인, 냉방/환기/온습도 센서와 CCTV 상태 확인",high_confidence,고확신,CCTV/현장 확인 우선순위
environment-0008,environment,1,urgent,clearfarm_rule_policy,ClearFarm,clearfarm:exp3:penD2.3,2022-06-24,2022-06-24 23:59:59,1,1.2,0.0,1.2,high,"policy:cctv_focus rule: environment: nh3_high,barn_temp_high","고온/열스트레스 가능성 확인, 냉방/환기/온습도 센서와 CCTV 상태 확인",high_confidence,고확신,CCTV/현장 확인 우선순위
environment-0009,environment,1,urgent,clearfarm_rule_policy,ClearFarm,clearfarm:exp3:penD3.3,2022-06-24,2022-06-24 23:59:59,1,1.2,0.0,1.2,high,"policy:cctv_focus rule: environment: nh3_high,barn_temp_high","고온/열스트레스 가능성 확인, 냉방/환기/온습도 센서와 CCTV 상태 확인",high_confidence,고확신,CCTV/현장 확인 우선순위
environment-0010,environment,1,urgent,clearfarm_rule_policy,ClearFarm,clearfarm:exp3:penA2.3,2022-07-19,2022-07-19 23:59:59,1,1.2,0.0,1.2,high,"policy:cctv_focus rule: environment: nh3_high,barn_temp_high","고온/열스트레스 가능성 확인, 냉방/환기/온습도 센서와 CCTV 상태 확인",high_confidence,고확신,CCTV/현장 확인 우선순위
environment-0011,environment,1,urgent,clearfarm_rule_policy,ClearFarm,clearfarm:exp3:penA3.3,2022-07-19,2022-07-19 23:59:59,1,1.2,0.0,1.2,high,"policy:cctv_focus rule: environment: nh3_high,barn_temp_high","고온/열스트레스 가능성 확인, 냉방/환기/온습도 센서와 CCTV 상태 확인",high_confidence,고확신,CCTV/현장 확인 우선순위
environment-0012,environment,1,urgent,clearfarm_rule_policy,ClearFarm,clearfarm:exp3:penB2.3,2022-07-19,2022-07-19 23:59:59,1,1.2,0.0,1.2,high,"policy:cctv_focus rule: environment: nh3_high,barn_temp_high","고온/열스트레스 가능성 확인, 냉방/환기/온습도 센서와 CCTV 상태 확인",high_confidence,고확신,CCTV/현장 확인 우선순위
environment-0013,environment,1,urgent,clearfarm_rule_policy,ClearFarm,clearfarm:exp3:penB3.3,2022-07-19,2022-07-19 23:59:59,1,1.2,0.0,1.2,high,"policy:cctv_focus rule: environment: nh3_high,barn_temp_high","고온/열스트레스 가능성 확인, 냉방/환기/온습도 센서와 CCTV 상태 확인",high_confidence,고확신,CCTV/현장 확인 우선순위
environment-0014,environment,1,urgent,clearfarm_rule_policy,ClearFarm,clearfarm:exp3:penD2.3,2022-07-19,2022-07-19 23:59:59,1,1.2,0.0,1.2,high,"policy:cctv_focus rule: environment: nh3_high,barn_temp_high","고온/열스트레스 가능성 확인, 냉방/환기/온습도 센서와 CCTV 상태 확인",high_confidence,고확신,CCTV/현장 확인 우선순위
environment-0015,environment,1,urgent,clearfarm_rule_policy,ClearFarm,clearfarm:exp3:penD3.3,2022-07-19,2022-07-19 23:59:59,1,1.2,0.0,1.2,high,"policy:cctv_focus rule: environment: nh3_high,barn_temp_high","고온/열스트레스 가능성 확인, 냉방/환기/온습도 센서와 CCTV 상태 확인",high_confidence,고확신,CCTV/현장 확인 우선순위
environment-0016,environment,1,urgent,clearfarm_rule_policy,ClearFarm,clearfarm:exp3:penB2.3,2022-08-02,2022-08-02 23:59:59,1,1.2,0.0,1.2,high,"policy:cctv_focus rule: environment: nh3_high,barn_temp_high","고온/열스트레스 가능성 확인, 냉방/환기/온습도 센서와 CCTV 상태 확인",high_confidence,고확신,CCTV/현장 확인 우선순위
environment-0017,environment,1,urgent,clearfarm_rule_policy,ClearFarm,clearfarm:exp3:penD2.3,2022-08-02,2022-08-02 23:59:59,1,1.2,0.0,1.2,high,"policy:cctv_focus rule: environment: nh3_high,barn_temp_high","고온/열스트레스 가능성 확인, 냉방/환기/온습도 센서와 CCTV 상태 확인",high_confidence,고확신,CCTV/현장 확인 우선순위
environment-0018,environment,1,urgent,clearfarm_rule_policy,ClearFarm,clearfarm:exp3:penD3.3,2022-08-02,2022-08-02 23:59:59,1,1.2,0.0,1.2,high,"policy:cctv_focus rule: environment: nh3_high,barn_temp_high","고온/열스트레스 가능성 확인, 냉방/환기/온습도 센서와 CCTV 상태 확인",high_confidence,고확신,CCTV/현장 확인 우선순위
environment-0019,environment,1,urgent,clearfarm_rule_policy,ClearFarm,clearfarm:exp3:penA2.3,2022-08-12,2022-08-12 23:59:59,1,1.2,0.0,1.2,high,"policy:cctv_focus rule: environment: nh3_high,barn_temp_high","고온/열스트레스 가능성 확인, 냉방/환기/온습도 센서와 CCTV 상태 확인",high_confidence,고확신,CCTV/현장 확인 우선순위
environment-0020,environment,1,urgent,clearfarm_rule_policy,ClearFarm,clearfarm:exp3:penA3.3,2022-08-12,2022-08-12 23:59:59,1,1.2,0.0,1.2,high,"policy:cctv_focus rule: environment: nh3_high,barn_temp_high","고온/열스트레스 가능성 확인, 냉방/환기/온습도 센서와 CCTV 상태 확인",high_confidence,고확신,CCTV/현장 확인 우선순위
environment-0021,environment,1,urgent,clearfarm_rule_policy,ClearFarm,clearfarm:exp3:penB2.3,2022-08-12,2022-08-12 23:59:59,1,1.2,0.0,1.2,high,"policy:cctv_focus rule: environment: nh3_high,barn_temp_high","고온/열스트레스 가능성 확인, 냉방/환기/온습도 센서와 CCTV 상태 확인",high_confidence,고확신,CCTV/현장 확인 우선순위
environment-0022,environment,1,urgent,clearfarm_rule_policy,ClearFarm,clearfarm:exp3:penB3.3,2022-08-12,2022-08-12 23:59:59,1,1.2,0.0,1.2,high,"policy:cctv_focus rule: environment: nh3_high,barn_temp_high","고온/열스트레스 가능성 확인, 냉방/환기/온습도 센서와 CCTV 상태 확인",high_confidence,고확신,CCTV/현장 확인 우선순위
environment-0023,environment,1,urgent,clearfarm_rule_policy,ClearFarm,clearfarm:exp3:penC2.3,2022-08-12,2022-08-12 23:59:59,1,1.2,0.0,1.2,high,"policy:cctv_focus rule: environment: nh3_high,barn_temp_high","고온/열스트레스 가능성 확인, 냉방/환기/온습도 센서와 CCTV 상태 확인",high_confidence,고확신,CCTV/현장 확인 우선순위
environment-0024,environment,1,urgent,clearfarm_rule_policy,ClearFarm,clearfarm:exp3:penC3.3,2022-08-12,2022-08-12 23:59:59,1,1.2,0.0,1.2,high,"policy:cctv_focus rule: environment: nh3_high,barn_temp_high","고온/열스트레스 가능성 확인, 냉방/환기/온습도 센서와 CCTV 상태 확인",high_confidence,고확신,CCTV/현장 확인 우선순위
environment-0025,environment,1,urgent,clearfarm_rule_policy,ClearFarm,clearfarm:exp3:penD2.3,2022-08-12,2022-08-12 23:59:59,1,1.2,0.0,1.2,high,"policy:cctv_focus rule: environment: nh3_high,barn_temp_high","고온/열스트레스 가능성 확인, 냉방/환기/온습도 센서와 CCTV 상태 확인",high_confidence,고확신,CCTV/현장 확인 우선순위
environment-0026,environment,1,urgent,clearfarm_rule_policy,ClearFarm,clearfarm:exp3:penD3.3,2022-08-12,2022-08-12 23:59:59,1,1.2,0.0,1.2,high,"policy:cctv_focus rule: environment: nh3_high,barn_temp_high","고온/열스트레스 가능성 확인, 냉방/환기/온습도 센서와 CCTV 상태 확인",high_confidence,고확신,CCTV/현장 확인 우선순위
environment-0027,environment,1,urgent,clearfarm_rule_policy,ClearFarm,clearfarm:exp3:penF2.3,2022-08-12,2022-08-12 23:59:59,1,1.2,0.0,1.2,high,"policy:cctv_focus rule: environment: nh3_high,barn_temp_high","고온/열스트레스 가능성 확인, 냉방/환기/온습도 센서와 CCTV 상태 확인",high_confidence,고확신,CCTV/현장 확인 우선순위
environment-0028,environment,1,urgent,clearfarm_rule_policy,ClearFarm,clearfarm:exp3:penF3.3,2022-08-12,2022-08-12 23:59:59,1,1.2,0.0,1.2,high,"policy:cctv_focus rule: environment: nh3_high,barn_temp_high","고온/열스트레스 가능성 확인, 냉방/환기/온습도 센서와 CCTV 상태 확인",high_confidence,고확신,CCTV/현장 확인 우선순위
environment-0029,environment,1,urgent,clearfarm_rule_policy,ClearFarm,clearfarm:exp3:penA2.3,2022-08-16,2022-08-16 23:59:59,1,1.2,0.0,1.2,high,"policy:cctv_focus rule: environment: nh3_high,barn_temp_high","고온/열스트레스 가능성 확인, 냉방/환기/온습도 센서와 CCTV 상태 확인",high_confidence,고확신,CCTV/현장 확인 우선순위
environment-0030,environment,1,urgent,clearfarm_rule_policy,ClearFarm,clearfarm:exp3:penA3.3,2022-08-16,2022-08-16 23:59:59,1,1.2,0.0,1.2,high,"policy:cctv_focus rule: environment: nh3_high,barn_temp_high","고온/열스트레스 가능성 확인, 냉방/환기/온습도 센서와 CCTV 상태 확인",high_confidence,고확신,CCTV/현장 확인 우선순위
environment-0031,environment,1,urgent,clearfarm_rule_policy,ClearFarm,clearfarm:exp3:penD2.3,2022-08-16,2022-08-16 23:59:59,1,1.2,0.0,1.2,high,"policy:cctv_focus rule: environment: nh3_high,barn_temp_high","고온/열스트레스 가능성 확인, 냉방/환기/온습도 센서와 CCTV 상태 확인",high_confidence,고확신,CCTV/현장 확인 우선순위
environment-0032,environment,1,urgent,clearfarm_rule_policy,ClearFarm,clearfarm:exp3:penD3.3,2022-08-16,2022-08-16 23:59:59,1,1.2,0.0,1.2,high,"policy:cctv_focus rule: environment: nh3_high,barn_temp_high","고온/열스트레스 가능성 확인, 냉방/환기/온습도 센서와 CCTV 상태 확인",high_confidence,고확신,CCTV/현장 확인 우선순위
environment-0033,environment,2,high,clearfarm_rule_policy,ClearFarm,clearfarm:exp2:penA2.2,2021-10-12,2021-10-12 23:59:59,1,1.7999999999999998,0.6,0.8999999999999999,high,"policy:cctv_focus rule: management: feed_drop | environment: co2_high,nh3_high","환기량 증대, CO2/NH3 센서 재확인, 분뇨/환기 설비 점검",normal,정상 범위,온도 기준 이상 없음
environment-0034,environment,2,high,clearfarm_rule_policy,ClearFarm,clearfarm:exp2:penD2.2,2021-10-12,2021-10-12 23:59:59,1,1.7999999999999998,0.6,0.8999999999999999,high,"policy:cctv_focus rule: management: feed_drop | environment: co2_high,nh3_high","환기량 증대, CO2/NH3 센서 재확인, 분뇨/환기 설비 점검",normal,정상 범위,온도 기준 이상 없음
environment-0035,environment,2,high,clearfarm_rule_policy,ClearFarm,clearfarm:exp2:penA2.2,2021-10-15,2021-10-15 23:59:59,1,1.7999999999999998,0.6,0.8999999999999999,high,"policy:cctv_focus rule: management: feed_drop | environment: co2_high,nh3_high","환기량 증대, CO2/NH3 센서 재확인, 분뇨/환기 설비 점검",normal,정상 범위,온도 기준 이상 없음
environment-0036,environment,2,high,clearfarm_rule_policy,ClearFarm,clearfarm:exp2:penC2.2,2021-10-15,2021-10-15 23:59:59,1,1.7999999999999998,0.6,0.8999999999999999,high,"policy:cctv_focus rule: management: feed_drop | environment: co2_high,nh3_high","환기량 증대, CO2/NH3 센서 재확인, 분뇨/환기 설비 점검",normal,정상 범위,온도 기준 이상 없음
environment-0037,environment,2,high,clearfarm_rule_policy,ClearFarm,clearfarm:exp2:penB3.2,2021-10-22,2021-10-22 23:59:59,1,1.7999999999999998,0.6,0.8999999999999999,high,"policy:cctv_focus rule: management: feed_drop | environment: co2_high,nh3_high","환기량 증대, CO2/NH3 센서 재확인, 분뇨/환기 설비 점검",normal,정상 범위,온도 기준 이상 없음
environment-0038,environment,2,high,clearfarm_rule_policy,ClearFarm,clearfarm:exp2:penC2.2,2021-10-22,2021-10-22 23:59:59,1,1.7999999999999998,0.6,0.8999999999999999,high,"policy:cctv_focus rule: management: feed_drop | environment: co2_high,nh3_high","환기량 증대, CO2/NH3 센서 재확인, 분뇨/환기 설비 점검",normal,정상 범위,온도 기준 이상 없음
environment-0039,environment,2,high,clearfarm_rule_policy,ClearFarm,clearfarm:exp2:penF2.2,2021-10-22,2021-10-22 23:59:59,1,1.7999999999999998,0.6,0.8999999999999999,high,"policy:cctv_focus rule: management: feed_drop | environment: co2_high,nh3_high","환기량 증대, CO2/NH3 센서 재확인, 분뇨/환기 설비 점검",normal,정상 범위,온도 기준 이상 없음
environment-0040,environment,2,high,clearfarm_rule_policy,ClearFarm,clearfarm:exp2:penF2.2,2021-10-26,2021-10-26 23:59:59,1,1.7999999999999998,0.6,0.8999999999999999,high,"policy:cctv_focus rule: management: feed_drop | environment: co2_high,nh3_high","환기량 증대, CO2/NH3 센서 재확인, 분뇨/환기 설비 점검",normal,정상 범위,온도 기준 이상 없음
environment-0041,environment,2,high,clearfarm_rule_policy,ClearFarm,clearfarm:exp2:penB3.2,2021-10-29,2021-10-29 23:59:59,1,1.7999999999999998,0.6,0.8999999999999999,high,"policy:cctv_focus rule: management: feed_drop | environment: co2_high,nh3_high","환기량 증대, CO2/NH3 센서 재확인, 분뇨/환기 설비 점검",normal,정상 범위,온도 기준 이상 없음
environment-0042,environment,2,high,clearfarm_rule_policy,ClearFarm,clearfarm:exp2:penB2.2,2021-11-02,2021-11-02 23:59:59,1,1.7999999999999998,0.6,0.8999999999999999,high,"policy:cctv_focus rule: management: feed_drop | environment: co2_high,nh3_high","환기량 증대, CO2/NH3 센서 재확인, 분뇨/환기 설비 점검",normal,정상 범위,온도 기준 이상 없음
environment-0043,environment,2,high,clearfarm_rule_policy,ClearFarm,clearfarm:exp2:penB3.2,2021-11-02,2021-11-02 23:59:59,1,1.7999999999999998,0.6,0.8999999999999999,high,"policy:cctv_focus rule: management: feed_drop | environment: co2_high,nh3_high","환기량 증대, CO2/NH3 센서 재확인, 분뇨/환기 설비 점검",normal,정상 범위,온도 기준 이상 없음
environment-0044,environment,2,high,clearfarm_rule_policy,ClearFarm,clearfarm:exp2:penD2.2,2021-11-02,2021-11-02 23:59:59,1,1.7999999999999998,0.6,0.8999999999999999,high,"policy:cctv_focus rule: management: feed_drop | environment: co2_high,nh3_high","환기량 증대, CO2/NH3 센서 재확인, 분뇨/환기 설비 점검",normal,정상 범위,온도 기준 이상 없음
environment-0045,environment,2,high,clearfarm_rule_policy,ClearFarm,clearfarm:exp2:penD3.2,2021-11-02,2021-11-02 23:59:59,1,1.7999999999999998,0.6,0.8999999999999999,high,"policy:cctv_focus rule: management: feed_drop | environment: co2_high,nh3_high","환기량 증대, CO2/NH3 센서 재확인, 분뇨/환기 설비 점검",normal,정상 범위,온도 기준 이상 없음
environment-0046,environment,2,high,clearfarm_rule_policy,ClearFarm,clearfarm:exp2:penB2.2,2021-11-05,2021-11-05 23:59:59,1,1.7999999999999998,0.6,0.8999999999999999,high,"policy:cctv_focus rule: management: feed_drop | environment: co2_high,nh3_high","환기량 증대, CO2/NH3 센서 재확인, 분뇨/환기 설비 점검",normal,정상 범위,온도 기준 이상 없음
environment-0047,environment,2,high,clearfarm_rule_policy,ClearFarm,clearfarm:exp2:penB3.2,2021-11-05,2021-11-05 23:59:59,1,1.7999999999999998,0.6,0.8999999999999999,high,"policy:cctv_focus rule: management: feed_drop | environment: co2_high,nh3_high","환기량 증대, CO2/NH3 센서 재확인, 분뇨/환기 설비 점검",normal,정상 범위,온도 기준 이상 없음
environment-0048,environment,2,high,clearfarm_rule_policy,ClearFarm,clearfarm:exp2:penF3.2,2021-11-05,2021-11-05 23:59:59,1,1.7999999999999998,0.6,0.8999999999999999,high,"policy:cctv_focus rule: management: feed_drop | environment: co2_high,nh3_high","환기량 증대, CO2/NH3 센서 재확인, 분뇨/환기 설비 점검",normal,정상 범위,온도 기준 이상 없음
environment-0049,environment,2,high,clearfarm_rule_policy,ClearFarm,clearfarm:exp2:penB2.2,2021-11-09,2021-11-09 23:59:59,1,1.7999999999999998,0.6,0.8999999999999999,high,"policy:cctv_focus rule: management: feed_drop | environment: co2_high,nh3_high","환기량 증대, CO2/NH3 센서 재확인, 분뇨/환기 설비 점검",normal,정상 범위,온도 기준 이상 없음
environment-0050,environment,2,high,clearfarm_rule_policy,ClearFarm,clearfarm:exp2:penF2.2,2021-11-09,2021-11-09 23:59:59,1,1.7999999999999998,0.6,0.8999999999999999,high,"policy:cctv_focus rule: management: feed_drop | environment: co2_high,nh3_high","환기량 증대, CO2/NH3 센서 재확인, 분뇨/환기 설비 점검",normal,정상 범위,온도 기준 이상 없음
environment-0051,environment,2,high,clearfarm_rule_policy,ClearFarm,clearfarm:exp2:penB3.2,2021-11-12,2021-11-12 23:59:59,1,1.7999999999999998,0.6,0.8999999999999999,high,"policy:cctv_focus rule: management: feed_drop | environment: co2_high,nh3_high","환기량 증대, CO2/NH3 센서 재확인, 분뇨/환기 설비 점검",normal,정상 범위,온도 기준 이상 없음
environment-0052,environment,2,high,clearfarm_rule_policy,ClearFarm,clearfarm:exp2:penF2.2,2021-11-12,2021-11-12 23:59:59,1,1.7999999999999998,0.6,0.8999999999999999,high,"policy:cctv_focus rule: management: feed_drop | environment: co2_high,nh3_high","환기량 증대, CO2/NH3 센서 재확인, 분뇨/환기 설비 점검",normal,정상 범위,온도 기준 이상 없음
environment-0053,environment,2,high,clearfarm_rule_policy,ClearFarm,clearfarm:exp2:penB2.2,2021-11-19,2021-11-19 23:59:59,1,1.7999999999999998,0.6,0.8999999999999999,high,"policy:cctv_focus rule: management: feed_drop | environment: co2_high,nh3_high","환기량 증대, CO2/NH3 센서 재확인, 분뇨/환기 설비 점검",normal,정상 범위,온도 기준 이상 없음
environment-0054,environment,2,high,clearfarm_rule_policy,ClearFarm,clearfarm:exp2:penB3.2,2021-11-23,2021-11-23 23:59:59,1,1.7999999999999998,0.6,0.8999999999999999,high,"policy:cctv_focus rule: management: feed_drop | environment: co2_high,nh3_high","환기량 증대, CO2/NH3 센서 재확인, 분뇨/환기 설비 점검",normal,정상 범위,온도 기준 이상 없음
environment-0055,environment,2,high,clearfarm_rule_policy,ClearFarm,clearfarm:exp2:penC2.2,2021-11-23,2021-11-23 23:59:59,1,1.7999999999999998,0.6,0.8999999999999999,high,"policy:cctv_focus rule: management: feed_drop | environment: co2_high,nh3_high","환기량 증대, CO2/NH3 센서 재확인, 분뇨/환기 설비 점검",normal,정상 범위,온도 기준 이상 없음
environment-0056,environment,2,high,clearfarm_rule_policy,ClearFarm,clearfarm:exp2:penD2.2,2021-11-23,2021-11-23 23:59:59,1,1.7999999999999998,0.6,0.8999999999999999,high,"policy:cctv_focus rule: management: feed_drop | environment: co2_high,nh3_high","환기량 증대, CO2/NH3 센서 재확인, 분뇨/환기 설비 점검",normal,정상 범위,온도 기준 이상 없음
environment-0057,environment,2,high,clearfarm_rule_policy,ClearFarm,clearfarm:exp2:penD2.2,2021-12-03,2021-12-03 23:59:59,1,1.7999999999999998,0.6,0.8999999999999999,high,"policy:cctv_focus rule: management: feed_drop | environment: co2_high,nh3_high","환기량 증대, CO2/NH3 센서 재확인, 분뇨/환기 설비 점검",normal,정상 범위,온도 기준 이상 없음
environment-0058,environment,2,high,clearfarm_rule_policy,ClearFarm,clearfarm:exp4:penD2.4,2022-09-17,2022-09-17 23:59:59,1,1.7999999999999998,0.6,0.8999999999999999,high,"policy:cctv_focus rule: management: feed_drop | environment: co2_high,nh3_high","환기량 증대, CO2/NH3 센서 재확인, 분뇨/환기 설비 점검",normal,정상 범위,온도 기준 이상 없음
environment-0059,environment,2,high,clearfarm_rule_policy,ClearFarm,clearfarm:exp4:penD3.4,2022-09-17,2022-09-17 23:59:59,1,1.7999999999999998,0.6,0.8999999999999999,high,"policy:cctv_focus rule: management: feed_drop | environment: co2_high,nh3_high","환기량 증대, CO2/NH3 센서 재확인, 분뇨/환기 설비 점검",normal,정상 범위,온도 기준 이상 없음
environment-0060,environment,2,high,clearfarm_rule_policy,ClearFarm,clearfarm:exp4:penF3.4,2022-09-20,2022-09-20 23:59:59,1,1.7999999999999998,0.6,0.8999999999999999,high,"policy:cctv_focus rule: management: feed_drop | environment: co2_high,nh3_high","환기량 증대, CO2/NH3 센서 재확인, 분뇨/환기 설비 점검",normal,정상 범위,온도 기준 이상 없음
environment-0061,environment,2,high,clearfarm_rule_policy,ClearFarm,clearfarm:exp4:penC2.4,2022-11-04,2022-11-04 23:59:59,1,1.7999999999999998,0.6,0.8999999999999999,high,"policy:cctv_focus rule: management: feed_drop | environment: co2_high,nh3_high","환기량 증대, CO2/NH3 센서 재확인, 분뇨/환기 설비 점검",normal,정상 범위,온도 기준 이상 없음
environment-0062,environment,2,high,clearfarm_rule_policy,ClearFarm,clearfarm:exp4:penF3.4,2022-11-04,2022-11-04 23:59:59,1,1.7999999999999998,0.6,0.8999999999999999,high,"policy:cctv_focus rule: management: feed_drop | environment: co2_high,nh3_high","환기량 증대, CO2/NH3 센서 재확인, 분뇨/환기 설비 점검",normal,정상 범위,온도 기준 이상 없음
environment-0063,environment,2,high,clearfarm_rule_policy,ClearFarm,clearfarm:exp4:penF3.4,2022-11-11,2022-11-11 23:59:59,1,1.7999999999999998,0.6,0.8999999999999999,high,"policy:cctv_focus rule: management: feed_drop | environment: co2_high,nh3_high","환기량 증대, CO2/NH3 센서 재확인, 분뇨/환기 설비 점검",normal,정상 범위,온도 기준 이상 없음
environment-0064,environment,2,high,clearfarm_rule_policy,ClearFarm,clearfarm:exp4:penC2.4,2022-11-15,2022-11-15 23:59:59,1,1.7999999999999998,0.6,0.8999999999999999,high,"policy:cctv_focus rule: management: feed_drop | environment: co2_high,nh3_high","환기량 증대, CO2/NH3 센서 재확인, 분뇨/환기 설비 점검",normal,정상 범위,온도 기준 이상 없음
environment-0065,environment,2,high,clearfarm_rule_policy,ClearFarm,clearfarm:exp4:penD3.4,2022-11-15,2022-11-15 23:59:59,1,1.7999999999999998,0.6,0.8999999999999999,high,"policy:cctv_focus rule: management: feed_drop | environment: co2_high,nh3_high","환기량 증대, CO2/NH3 센서 재확인, 분뇨/환기 설비 점검",normal,정상 범위,온도 기준 이상 없음
environment-0066,environment,2,high,clearfarm_rule_policy,ClearFarm,clearfarm:exp4:penF3.4,2022-11-15,2022-11-15 23:59:59,1,1.7999999999999998,0.6,0.8999999999999999,high,"policy:cctv_focus rule: management: feed_drop | environment: co2_high,nh3_high","환기량 증대, CO2/NH3 센서 재확인, 분뇨/환기 설비 점검",normal,정상 범위,온도 기준 이상 없음
environment-0067,environment,2,high,clearfarm_rule_policy,ClearFarm,clearfarm:exp4:penC2.4,2022-11-18,2022-11-18 23:59:59,1,1.7999999999999998,0.6,0.8999999999999999,high,"policy:cctv_focus rule: management: feed_drop | environment: co2_high,nh3_high","환기량 증대, CO2/NH3 센서 재확인, 분뇨/환기 설비 점검",normal,정상 범위,온도 기준 이상 없음
environment-0068,environment,2,high,clearfarm_rule_policy,ClearFarm,clearfarm:exp4:penD2.4,2022-11-18,2022-11-18 23:59:59,1,1.7999999999999998,0.6,0.8999999999999999,high,"policy:cctv_focus rule: management: feed_drop | environment: co2_high,nh3_high","환기량 증대, CO2/NH3 센서 재확인, 분뇨/환기 설비 점검",normal,정상 범위,온도 기준 이상 없음
environment-0069,environment,2,high,clearfarm_rule_policy,ClearFarm,clearfarm:exp4:penF2.4,2022-11-18,2022-11-18 23:59:59,1,1.7999999999999998,0.6,0.8999999999999999,high,"policy:cctv_focus rule: management: feed_drop | environment: co2_high,nh3_high","환기량 증대, CO2/NH3 센서 재확인, 분뇨/환기 설비 점검",normal,정상 범위,온도 기준 이상 없음
environment-0070,environment,2,high,clearfarm_rule_policy,ClearFarm,clearfarm:exp4:penF3.4,2022-11-18,2022-11-18 23:59:59,1,1.7999999999999998,0.6,0.8999999999999999,high,"policy:cctv_focus rule: management: feed_drop | environment: co2_high,nh3_high","환기량 증대, CO2/NH3 센서 재확인, 분뇨/환기 설비 점검",normal,정상 범위,온도 기준 이상 없음
environment-0071,environment,2,high,clearfarm_rule_policy,ClearFarm,clearfarm:exp4:penC2.4,2022-11-21,2022-11-21 23:59:59,1,1.7999999999999998,0.6,0.8999999999999999,high,"policy:cctv_focus rule: management: feed_drop | environment: co2_high,nh3_high","환기량 증대, CO2/NH3 센서 재확인, 분뇨/환기 설비 점검",normal,정상 범위,온도 기준 이상 없음
environment-0072,environment,2,high,clearfarm_rule_policy,ClearFarm,clearfarm:exp4:penC3.4,2022-11-21,2022-11-21 23:59:59,1,1.7999999999999998,0.6,0.8999999999999999,high,"policy:cctv_focus rule: management: feed_drop | environment: co2_high,nh3_high","환기량 증대, CO2/NH3 센서 재확인, 분뇨/환기 설비 점검",normal,정상 범위,온도 기준 이상 없음
environment-0073,environment,2,high,clearfarm_rule_policy,ClearFarm,clearfarm:exp4:penD3.4,2022-11-21,2022-11-21 23:59:59,1,1.7999999999999998,0.6,0.8999999999999999,high,"policy:cctv_focus rule: management: feed_drop | environment: co2_high,nh3_high","환기량 증대, CO2/NH3 센서 재확인, 분뇨/환기 설비 점검",normal,정상 범위,온도 기준 이상 없음
environment-0074,environment,2,high,clearfarm_rule_policy,ClearFarm,clearfarm:exp4:penF2.4,2022-11-21,2022-11-21 23:59:59,1,1.7999999999999998,0.6,0.8999999999999999,high,"policy:cctv_focus rule: management: feed_drop | environment: co2_high,nh3_high","환기량 증대, CO2/NH3 센서 재확인, 분뇨/환기 설비 점검",normal,정상 범위,온도 기준 이상 없음
environment-0075,environment,2,high,clearfarm_rule_policy,ClearFarm,clearfarm:exp4:penD2.4,2022-11-25,2022-11-25 23:59:59,1,1.7999999999999998,0.6,0.8999999999999999,high,"policy:cctv_focus rule: management: feed_drop | environment: co2_high,nh3_high","환기량 증대, CO2/NH3 센서 재확인, 분뇨/환기 설비 점검",normal,정상 범위,온도 기준 이상 없음
environment-0076,environment,2,high,clearfarm_rule_policy,ClearFarm,clearfarm:exp4:penC2.4,2022-11-29,2022-11-29 23:59:59,1,1.7999999999999998,0.6,0.8999999999999999,high,"policy:cctv_focus rule: management: feed_drop | environment: co2_high,nh3_high","환기량 증대, CO2/NH3 센서 재확인, 분뇨/환기 설비 점검",normal,정상 범위,온도 기준 이상 없음
environment-0077,environment,2,high,clearfarm_rule_policy,ClearFarm,clearfarm:exp4:penC3.4,2022-11-29,2022-11-29 23:59:59,1,1.7999999999999998,0.6,0.8999999999999999,high,"policy:cctv_focus rule: management: feed_drop | environment: co2_high,nh3_high","환기량 증대, CO2/NH3 센서 재확인, 분뇨/환기 설비 점검",normal,정상 범위,온도 기준 이상 없음
environment-0078,environment,2,high,clearfarm_rule_policy,ClearFarm,clearfarm:exp4:penD2.4,2022-11-29,2022-11-29 23:59:59,1,1.7999999999999998,0.6,0.8999999999999999,high,"policy:cctv_focus rule: management: feed_drop | environment: co2_high,nh3_high","환기량 증대, CO2/NH3 센서 재확인, 분뇨/환기 설비 점검",normal,정상 범위,온도 기준 이상 없음
environment-0079,environment,2,high,clearfarm_rule_policy,ClearFarm,clearfarm:exp4:penD3.4,2022-11-29,2022-11-29 23:59:59,1,1.7999999999999998,0.6,0.8999999999999999,high,"policy:cctv_focus rule: management: feed_drop | environment: co2_high,nh3_high","환기량 증대, CO2/NH3 센서 재확인, 분뇨/환기 설비 점검",normal,정상 범위,온도 기준 이상 없음
environment-0080,environment,2,high,clearfarm_rule_policy,ClearFarm,clearfarm:exp4:penC2.4,2022-12-02,2022-12-02 23:59:59,1,1.7999999999999998,0.6,0.8999999999999999,high,"policy:cctv_focus rule: management: feed_drop | environment: co2_high,nh3_high","환기량 증대, CO2/NH3 센서 재확인, 분뇨/환기 설비 점검",normal,정상 범위,온도 기준 이상 없음
environment-0081,environment,2,high,clearfarm_rule_policy,ClearFarm,clearfarm:exp4:penD2.4,2022-12-02,2022-12-02 23:59:59,1,1.7999999999999998,0.6,0.8999999999999999,high,"policy:cctv_focus rule: management: feed_drop | environment: co2_high,nh3_high","환기량 증대, CO2/NH3 센서 재확인, 분뇨/환기 설비 점검",normal,정상 범위,온도 기준 이상 없음
environment-0082,environment,2,high,clearfarm_rule_policy,ClearFarm,clearfarm:exp4:penD3.4,2022-12-02,2022-12-02 23:59:59,1,1.7999999999999998,0.6,0.8999999999999999,high,"policy:cctv_focus rule: management: feed_drop | environment: co2_high,nh3_high","환기량 증대, CO2/NH3 센서 재확인, 분뇨/환기 설비 점검",normal,정상 범위,온도 기준 이상 없음
environment-0083,environment,2,high,clearfarm_rule_policy,ClearFarm,clearfarm:exp4:penF2.4,2022-12-02,2022-12-02 23:59:59,1,1.7999999999999998,0.6,0.8999999999999999,high,"policy:cctv_focus rule: management: feed_drop | environment: co2_high,nh3_high","환기량 증대, CO2/NH3 센서 재확인, 분뇨/환기 설비 점검",normal,정상 범위,온도 기준 이상 없음
environment-0084,environment,2,high,clearfarm_rule_policy,ClearFarm,clearfarm:exp4:penF3.4,2022-12-02,2022-12-02 23:59:59,1,1.7999999999999998,0.6,0.8999999999999999,high,"policy:cctv_focus rule: management: feed_drop | environment: co2_high,nh3_high","환기량 증대, CO2/NH3 센서 재확인, 분뇨/환기 설비 점검",normal,정상 범위,온도 기준 이상 없음
environment-0085,environment,2,high,clearfarm_rule_policy,ClearFarm,clearfarm:exp4:penC2.4,2022-12-06,2022-12-06 23:59:59,1,1.7999999999999998,0.6,0.8999999999999999,high,"policy:cctv_focus rule: management: feed_drop | environment: co2_high,nh3_high","환기량 증대, CO2/NH3 센서 재확인, 분뇨/환기 설비 점검",normal,정상 범위,온도 기준 이상 없음
environment-0086,environment,2,high,clearfarm_rule_policy,ClearFarm,clearfarm:exp4:penD2.4,2022-12-06,2022-12-06 23:59:59,1,1.7999999999999998,0.6,0.8999999999999999,high,"policy:cctv_focus rule: management: feed_drop | environment: co2_high,nh3_high","환기량 증대, CO2/NH3 센서 재확인, 분뇨/환기 설비 점검",normal,정상 범위,온도 기준 이상 없음
environment-0087,environment,2,high,clearfarm_rule_policy,ClearFarm,clearfarm:exp4:penD3.4,2022-12-06,2022-12-06 23:59:59,1,1.7999999999999998,0.6,0.8999999999999999,high,"policy:cctv_focus rule: management: feed_drop | environment: co2_high,nh3_high","환기량 증대, CO2/NH3 센서 재확인, 분뇨/환기 설비 점검",normal,정상 범위,온도 기준 이상 없음
environment-0088,environment,2,high,clearfarm_rule_policy,ClearFarm,clearfarm:exp3:penB2.3,2022-06-17,2022-06-17 23:59:59,1,1.5,0.6,0.6,high,policy:cctv_focus rule: management: feed_drop | environment: barn_temp_high,"고온/열스트레스 가능성 확인, 냉방/환기/온습도 센서와 CCTV 상태 확인",high_confidence,고확신,CCTV/현장 확인 우선순위
environment-0089,environment,2,high,clearfarm_rule_policy,ClearFarm,clearfarm:exp2:penA3.2,2021-09-21,2021-09-21 23:59:59,1,1.2,0.6,0.3,high,policy:cctv_focus rule: management: feed_drop | environment: co2_high,CO2 농도와 환기팬/입기구 상태 확인,normal,정상 범위,온도 기준 이상 없음
environment-0090,environment,2,high,clearfarm_rule_policy,ClearFarm,clearfarm:exp2:penB2.2,2021-09-21,2021-09-21 23:59:59,1,1.2,0.6,0.3,high,policy:cctv_focus rule: management: feed_drop | environment: co2_high,CO2 농도와 환기팬/입기구 상태 확인,normal,정상 범위,온도 기준 이상 없음
environment-0091,environment,2,high,clearfarm_rule_policy,ClearFarm,clearfarm:exp2:penB3.2,2021-09-21,2021-09-21 23:59:59,1,1.2,0.6,0.3,high,policy:cctv_focus rule: management: feed_drop | environment: co2_high,CO2 농도와 환기팬/입기구 상태 확인,normal,정상 범위,온도 기준 이상 없음
environment-0092,environment,2,high,clearfarm_rule_policy,ClearFarm,clearfarm:exp2:penD3.2,2021-09-21,2021-09-21 23:59:59,1,1.2,0.6,0.3,high,policy:cctv_focus rule: management: feed_drop | environment: co2_high,CO2 농도와 환기팬/입기구 상태 확인,normal,정상 범위,온도 기준 이상 없음
environment-0093,environment,2,high,clearfarm_rule_policy,ClearFarm,clearfarm:exp2:penF2.2,2021-09-21,2021-09-21 23:59:59,1,1.2,0.6,0.3,high,policy:cctv_focus rule: management: feed_drop | environment: co2_high,CO2 농도와 환기팬/입기구 상태 확인,normal,정상 범위,온도 기준 이상 없음
environment-0094,environment,2,high,clearfarm_rule_policy,ClearFarm,clearfarm:exp2:penB2.2,2021-09-24,2021-09-24 23:59:59,1,1.2,0.6,0.3,high,policy:cctv_focus rule: management: feed_drop | environment: co2_high,CO2 농도와 환기팬/입기구 상태 확인,normal,정상 범위,온도 기준 이상 없음
environment-0095,environment,2,high,clearfarm_rule_policy,ClearFarm,clearfarm:exp2:penB2.2,2021-09-28,2021-09-28 23:59:59,1,1.2,0.6,0.3,high,policy:cctv_focus rule: management: feed_drop | environment: co2_high,CO2 농도와 환기팬/입기구 상태 확인,normal,정상 범위,온도 기준 이상 없음
environment-0096,environment,2,high,clearfarm_rule_policy,ClearFarm,clearfarm:exp2:penB3.2,2021-09-28,2021-09-28 23:59:59,1,1.2,0.6,0.3,high,policy:cctv_focus rule: management: feed_drop | environment: co2_high,CO2 농도와 환기팬/입기구 상태 확인,normal,정상 범위,온도 기준 이상 없음
environment-0097,environment,2,high,clearfarm_rule_policy,ClearFarm,clearfarm:exp2:penD2.2,2021-09-28,2021-09-28 23:59:59,1,1.2,0.6,0.3,high,policy:cctv_focus rule: management: feed_drop | environment: co2_high,CO2 농도와 환기팬/입기구 상태 확인,normal,정상 범위,온도 기준 이상 없음
environment-0098,environment,2,high,clearfarm_rule_policy,ClearFarm,clearfarm:exp2:penB2.2,2021-10-01,2021-10-01 23:59:59,1,1.2,0.6,0.3,high,policy:cctv_focus rule: management: feed_drop | environment: co2_high,CO2 농도와 환기팬/입기구 상태 확인,normal,정상 범위,온도 기준 이상 없음
environment-0099,environment,2,high,clearfarm_rule_policy,ClearFarm,clearfarm:exp2:penC2.2,2021-10-01,2021-10-01 23:59:59,1,1.2,0.6,0.3,high,policy:cctv_focus rule: management: feed_drop | environment: co2_high,CO2 농도와 환기팬/입기구 상태 확인,normal,정상 범위,온도 기준 이상 없음
environment-0100,environment,2,high,clearfarm_rule_policy,ClearFarm,clearfarm:exp2:penB3.2,2021-10-05,2021-10-05 23:59:59,1,1.2,0.6,0.3,high,policy:cctv_focus rule: management: feed_drop | environment: co2_high,CO2 농도와 환기팬/입기구 상태 확인,normal,정상 범위,온도 기준 이상 없음
environment-0101,environment,2,high,clearfarm_rule_policy,ClearFarm,clearfarm:exp2:penB3.2,2021-10-08,2021-10-08 23:59:59,1,1.2,0.6,0.3,high,policy:cctv_focus rule: management: feed_drop | environment: co2_high,CO2 농도와 환기팬/입기구 상태 확인,normal,정상 범위,온도 기준 이상 없음
environment-0102,environment,2,high,clearfarm_rule_policy,ClearFarm,clearfarm:exp2:penB3.2,2021-10-12,2021-10-12 23:59:59,1,1.2,0.6,0.3,high,policy:cctv_focus rule: management: feed_drop | environment: co2_high,CO2 농도와 환기팬/입기구 상태 확인,normal,정상 범위,온도 기준 이상 없음
environment-0103,environment,2,high,clearfarm_rule_policy,ClearFarm,clearfarm:exp2:penB3.2,2021-10-19,2021-10-19 23:59:59,1,1.2,0.6,0.3,high,policy:cctv_focus rule: management: feed_drop | environment: co2_high,CO2 농도와 환기팬/입기구 상태 확인,normal,정상 범위,온도 기준 이상 없음
environment-0104,environment,2,high,clearfarm_rule_policy,ClearFarm,clearfarm:exp2:penC2.2,2021-10-19,2021-10-19 23:59:59,1,1.2,0.6,0.3,high,policy:cctv_focus rule: management: feed_drop | environment: nh3_high,"NH3 농도, 분뇨 상태, 환기 상태 확인",normal,정상 범위,온도 기준 이상 없음
environment-0105,environment,2,high,clearfarm_rule_policy,ClearFarm,clearfarm:exp2:penA3.2,2021-10-22,2021-10-22 23:59:59,1,1.2,0.6,0.3,high,policy:cctv_focus rule: management: feed_drop | environment: co2_high,CO2 농도와 환기팬/입기구 상태 확인,normal,정상 범위,온도 기준 이상 없음
environment-0106,environment,2,high,clearfarm_rule_policy,ClearFarm,clearfarm:exp2:penA3.2,2021-10-26,2021-10-26 23:59:59,1,1.2,0.6,0.3,high,policy:cctv_focus rule: management: feed_drop | environment: nh3_high,"NH3 농도, 분뇨 상태, 환기 상태 확인",normal,정상 범위,온도 기준 이상 없음
environment-0107,environment,2,high,clearfarm_rule_policy,ClearFarm,clearfarm:exp2:penB3.2,2021-10-26,2021-10-26 23:59:59,1,1.2,0.6,0.3,high,policy:cctv_focus rule: management: feed_drop | environment: co2_high,CO2 농도와 환기팬/입기구 상태 확인,normal,정상 범위,온도 기준 이상 없음
environment-0108,environment,2,high,clearfarm_rule_policy,ClearFarm,clearfarm:exp2:penD3.2,2021-10-26,2021-10-26 23:59:59,1,1.2,0.6,0.3,high,policy:cctv_focus rule: management: feed_drop | environment: nh3_high,"NH3 농도, 분뇨 상태, 환기 상태 확인",normal,정상 범위,온도 기준 이상 없음
environment-0109,environment,2,high,clearfarm_rule_policy,ClearFarm,clearfarm:exp2:penA2.2,2021-11-05,2021-11-05 23:59:59,1,1.2,0.6,0.3,high,policy:cctv_focus rule: management: feed_drop | environment: co2_high,CO2 농도와 환기팬/입기구 상태 확인,normal,정상 범위,온도 기준 이상 없음
environment-0110,environment,2,high,clearfarm_rule_policy,ClearFarm,clearfarm:exp2:penA3.2,2021-11-12,2021-11-12 23:59:59,1,1.2,0.6,0.3,high,policy:cctv_focus rule: management: feed_drop | environment: co2_high,CO2 농도와 환기팬/입기구 상태 확인,normal,정상 범위,온도 기준 이상 없음
environment-0111,environment,2,high,clearfarm_rule_policy,ClearFarm,clearfarm:exp2:penD2.2,2021-11-19,2021-11-19 23:59:59,1,1.2,0.6,0.3,high,policy:cctv_focus rule: management: feed_drop | environment: nh3_high,"NH3 농도, 분뇨 상태, 환기 상태 확인",normal,정상 범위,온도 기준 이상 없음
environment-0112,environment,2,high,clearfarm_rule_policy,ClearFarm,clearfarm:exp3:penA3.3,2022-05-24,2022-05-24 23:59:59,1,1.2,0.6,0.3,high,policy:cctv_focus rule: management: feed_drop | environment: co2_high,CO2 농도와 환기팬/입기구 상태 확인,normal,정상 범위,온도 기준 이상 없음
environment-0113,environment,2,high,clearfarm_rule_policy,ClearFarm,clearfarm:exp3:penA2.3,2022-05-27,2022-05-27 23:59:59,1,1.2,0.6,0.3,high,policy:cctv_focus rule: management: feed_drop | environment: co2_high,CO2 농도와 환기팬/입기구 상태 확인,normal,정상 범위,온도 기준 이상 없음
environment-0114,environment,2,high,clearfarm_rule_policy,ClearFarm,clearfarm:exp3:penA2.3,2022-05-31,2022-05-31 23:59:59,1,1.2,0.6,0.3,high,policy:cctv_focus rule: management: feed_drop | environment: co2_high,CO2 농도와 환기팬/입기구 상태 확인,normal,정상 범위,온도 기준 이상 없음
environment-0115,environment,2,high,clearfarm_rule_policy,ClearFarm,clearfarm:exp3:penA3.3,2022-05-31,2022-05-31 23:59:59,1,1.2,0.6,0.3,high,policy:cctv_focus rule: management: feed_drop | environment: co2_high,CO2 농도와 환기팬/입기구 상태 확인,normal,정상 범위,온도 기준 이상 없음
environment-0116,environment,2,high,clearfarm_rule_policy,ClearFarm,clearfarm:exp3:penB2.3,2022-05-31,2022-05-31 23:59:59,1,1.2,0.6,0.3,high,policy:cctv_focus rule: management: feed_drop | environment: co2_high,CO2 농도와 환기팬/입기구 상태 확인,normal,정상 범위,온도 기준 이상 없음
environment-0117,environment,2,high,clearfarm_rule_policy,ClearFarm,clearfarm:exp3:penB3.3,2022-05-31,2022-05-31 23:59:59,1,1.2,0.6,0.3,high,policy:cctv_focus rule: management: feed_drop | environment: co2_high,CO2 농도와 환기팬/입기구 상태 확인,normal,정상 범위,온도 기준 이상 없음
environment-0118,environment,2,high,clearfarm_rule_policy,ClearFarm,clearfarm:exp3:penC2.3,2022-05-31,2022-05-31 23:59:59,1,1.2,0.6,0.3,high,policy:cctv_focus rule: management: feed_drop | environment: co2_high,CO2 농도와 환기팬/입기구 상태 확인,normal,정상 범위,온도 기준 이상 없음
environment-0119,environment,2,high,clearfarm_rule_policy,ClearFarm,clearfarm:exp3:penF3.3,2022-05-31,2022-05-31 23:59:59,1,1.2,0.6,0.3,high,policy:cctv_focus rule: management: feed_drop | environment: co2_high,CO2 농도와 환기팬/입기구 상태 확인,normal,정상 범위,온도 기준 이상 없음
environment-0120,environment,2,high,clearfarm_rule_policy,ClearFarm,clearfarm:exp3:penB2.3,2022-06-10,2022-06-10 23:59:59,1,1.2,0.6,0.3,high,policy:cctv_focus rule: management: feed_drop | environment: co2_high,CO2 농도와 환기팬/입기구 상태 확인,normal,정상 범위,온도 기준 이상 없음
environment-0121,environment,2,high,clearfarm_rule_policy,ClearFarm,clearfarm:exp3:penB3.3,2022-06-10,2022-06-10 23:59:59,1,1.2,0.6,0.3,high,policy:cctv_focus rule: management: feed_drop | environment: co2_high,CO2 농도와 환기팬/입기구 상태 확인,normal,정상 범위,온도 기준 이상 없음
environment-0122,environment,2,high,clearfarm_rule_policy,ClearFarm,clearfarm:exp3:penD2.3,2022-06-10,2022-06-10 23:59:59,1,1.2,0.6,0.3,high,policy:cctv_focus rule: management: feed_drop | environment: nh3_high,"NH3 농도, 분뇨 상태, 환기 상태 확인",screening,선별,관찰/추세 확인 후보
environment-0123,environment,2,high,clearfarm_rule_policy,ClearFarm,clearfarm:exp3:penD3.3,2022-06-10,2022-06-10 23:59:59,1,1.2,0.6,0.3,high,policy:cctv_focus rule: management: feed_drop | environment: nh3_high,"NH3 농도, 분뇨 상태, 환기 상태 확인",screening,선별,관찰/추세 확인 후보
environment-0124,environment,2,high,clearfarm_rule_policy,ClearFarm,clearfarm:exp3:penF3.3,2022-06-10,2022-06-10 23:59:59,1,1.2,0.6,0.3,high,policy:cctv_focus rule: management: feed_drop | environment: co2_high,CO2 농도와 환기팬/입기구 상태 확인,normal,정상 범위,온도 기준 이상 없음
environment-0125,environment,2,high,clearfarm_rule_policy,ClearFarm,clearfarm:exp3:penA2.3,2022-06-14,2022-06-14 23:59:59,1,1.2,0.6,0.3,high,policy:cctv_focus rule: management: feed_drop | environment: nh3_high,"NH3 농도, 분뇨 상태, 환기 상태 확인",normal,정상 범위,온도 기준 이상 없음
environment-0126,environment,2,high,clearfarm_rule_policy,ClearFarm,clearfarm:exp3:penB2.3,2022-06-14,2022-06-14 23:59:59,1,1.2,0.6,0.3,high,policy:cctv_focus rule: management: feed_drop | environment: co2_high,CO2 농도와 환기팬/입기구 상태 확인,normal,정상 범위,온도 기준 이상 없음
environment-0127,environment,2,high,clearfarm_rule_policy,ClearFarm,clearfarm:exp3:penD2.3,2022-06-14,2022-06-14 23:59:59,1,1.2,0.6,0.3,high,policy:cctv_focus rule: management: feed_drop | environment: nh3_high,"NH3 농도, 분뇨 상태, 환기 상태 확인",screening,선별,관찰/추세 확인 후보
environment-0128,environment,2,high,clearfarm_rule_policy,ClearFarm,clearfarm:exp3:penD3.3,2022-06-14,2022-06-14 23:59:59,1,1.2,0.6,0.3,high,policy:cctv_focus rule: management: feed_drop | environment: nh3_high,"NH3 농도, 분뇨 상태, 환기 상태 확인",screening,선별,관찰/추세 확인 후보
environment-0129,environment,2,high,clearfarm_rule_policy,ClearFarm,clearfarm:exp3:penD2.3,2022-06-21,2022-06-21 23:59:59,1,1.2,0.6,0.3,high,policy:cctv_focus rule: management: feed_drop | environment: nh3_high,"NH3 농도, 분뇨 상태, 환기 상태 확인",screening,선별,관찰/추세 확인 후보
environment-0130,environment,2,high,clearfarm_rule_policy,ClearFarm,clearfarm:exp3:penF3.3,2022-06-21,2022-06-21 23:59:59,1,1.2,0.6,0.3,high,policy:cctv_focus rule: management: feed_drop | environment: nh3_high,"NH3 농도, 분뇨 상태, 환기 상태 확인",normal,정상 범위,온도 기준 이상 없음
environment-0131,environment,2,high,clearfarm_rule_policy,ClearFarm,clearfarm:exp3:penA3.3,2022-06-24,2022-06-24 23:59:59,1,1.2,0.6,0.3,high,policy:cctv_focus rule: management: feed_drop | environment: nh3_high,"NH3 농도, 분뇨 상태, 환기 상태 확인",balanced,균형,환경 이상 기본 기준 후보
environment-0132,environment,2,high,clearfarm_rule_policy,ClearFarm,clearfarm:exp3:penC3.3,2022-06-24,2022-06-24 23:59:59,1,1.2,0.6,0.3,high,policy:cctv_focus rule: management: feed_drop | environment: nh3_high,"NH3 농도, 분뇨 상태, 환기 상태 확인",balanced,균형,환경 이상 기본 기준 후보
environment-0133,environment,2,high,clearfarm_rule_policy,ClearFarm,clearfarm:exp3:penB3.3,2022-06-28,2022-06-28 23:59:59,1,1.2,0.6,0.3,high,policy:cctv_focus rule: management: feed_drop | environment: nh3_high,"NH3 농도, 분뇨 상태, 환기 상태 확인",screening,선별,관찰/추세 확인 후보
environment-0134,environment,2,high,clearfarm_rule_policy,ClearFarm,clearfarm:exp3:penC2.3,2022-06-28,2022-06-28 23:59:59,1,1.2,0.6,0.3,high,policy:cctv_focus rule: management: feed_drop | environment: nh3_high,"NH3 농도, 분뇨 상태, 환기 상태 확인",normal,정상 범위,온도 기준 이상 없음
environment-0135,environment,2,high,clearfarm_rule_policy,ClearFarm,clearfarm:exp3:penF3.3,2022-06-28,2022-06-28 23:59:59,1,1.2,0.6,0.3,high,policy:cctv_focus rule: management: feed_drop | environment: nh3_high,"NH3 농도, 분뇨 상태, 환기 상태 확인",normal,정상 범위,온도 기준 이상 없음
environment-0136,environment,2,high,clearfarm_rule_policy,ClearFarm,clearfarm:exp3:penA3.3,2022-07-01,2022-07-01 23:59:59,1,1.2,0.6,0.3,high,policy:cctv_focus rule: management: feed_drop | environment: nh3_high,"NH3 농도, 분뇨 상태, 환기 상태 확인",screening,선별,관찰/추세 확인 후보
environment-0137,environment,2,high,clearfarm_rule_policy,ClearFarm,clearfarm:exp3:penC3.3,2022-07-01,2022-07-01 23:59:59,1,1.2,0.6,0.3,high,policy:cctv_focus rule: management: feed_drop | environment: nh3_high,"NH3 농도, 분뇨 상태, 환기 상태 확인",screening,선별,관찰/추세 확인 후보
environment-0138,environment,2,high,clearfarm_rule_policy,ClearFarm,clearfarm:exp3:penF2.3,2022-07-01,2022-07-01 23:59:59,1,1.2,0.6,0.3,high,policy:cctv_focus rule: management: feed_drop | environment: nh3_high,"NH3 농도, 분뇨 상태, 환기 상태 확인",screening,선별,관찰/추세 확인 후보
environment-0139,environment,2,high,clearfarm_rule_policy,ClearFarm,clearfarm:exp3:penF3.3,2022-07-01,2022-07-01 23:59:59,1,1.2,0.6,0.3,high,policy:cctv_focus rule: management: feed_drop | environment: nh3_high,"NH3 농도, 분뇨 상태, 환기 상태 확인",screening,선별,관찰/추세 확인 후보
environment-0140,environment,2,high,clearfarm_rule_policy,ClearFarm,clearfarm:exp3:penC3.3,2022-07-05,2022-07-05 23:59:59,1,1.2,0.6,0.3,high,policy:cctv_focus rule: management: feed_drop | environment: nh3_high,"NH3 농도, 분뇨 상태, 환기 상태 확인",normal,정상 범위,온도 기준 이상 없음
environment-0141,environment,2,high,clearfarm_rule_policy,ClearFarm,clearfarm:exp3:penF3.3,2022-07-05,2022-07-05 23:59:59,1,1.2,0.6,0.3,high,policy:cctv_focus rule: management: feed_drop | environment: nh3_high,"NH3 농도, 분뇨 상태, 환기 상태 확인",normal,정상 범위,온도 기준 이상 없음
environment-0142,environment,2,high,clearfarm_rule_policy,ClearFarm,clearfarm:exp3:penB3.3,2022-07-08,2022-07-08 23:59:59,1,1.2,0.6,0.3,high,policy:cctv_focus rule: management: feed_drop | environment: nh3_high,"NH3 농도, 분뇨 상태, 환기 상태 확인",normal,정상 범위,온도 기준 이상 없음
environment-0143,environment,2,high,clearfarm_rule_policy,ClearFarm,clearfarm:exp3:penC3.3,2022-07-08,2022-07-08 23:59:59,1,1.2,0.6,0.3,high,policy:cctv_focus rule: management: feed_drop | environment: nh3_high,"NH3 농도, 분뇨 상태, 환기 상태 확인",normal,정상 범위,온도 기준 이상 없음
environment-0144,environment,2,high,clearfarm_rule_policy,ClearFarm,clearfarm:exp3:penF3.3,2022-07-08,2022-07-08 23:59:59,1,1.2,0.6,0.3,high,policy:cctv_focus rule: management: feed_drop | environment: nh3_high,"NH3 농도, 분뇨 상태, 환기 상태 확인",normal,정상 범위,온도 기준 이상 없음
environment-0145,environment,2,high,clearfarm_rule_policy,ClearFarm,clearfarm:exp3:penD2.3,2022-07-12,2022-07-12 23:59:59,1,1.2,0.6,0.3,high,policy:cctv_focus rule: management: feed_drop | environment: nh3_high,"NH3 농도, 분뇨 상태, 환기 상태 확인",balanced,균형,환경 이상 기본 기준 후보
environment-0146,environment,2,high,clearfarm_rule_policy,ClearFarm,clearfarm:exp3:penF3.3,2022-07-12,2022-07-12 23:59:59,1,1.2,0.6,0.3,high,policy:cctv_focus rule: management: feed_drop | environment: nh3_high,"NH3 농도, 분뇨 상태, 환기 상태 확인",screening,선별,관찰/추세 확인 후보
environment-0147,environment,2,high,clearfarm_rule_policy,ClearFarm,clearfarm:exp3:penC3.3,2022-07-22,2022-07-22 23:59:59,1,1.2,0.6,0.3,high,policy:cctv_focus rule: management: feed_drop | environment: nh3_high,"NH3 농도, 분뇨 상태, 환기 상태 확인",screening,선별,관찰/추세 확인 후보
environment-0148,environment,2,high,clearfarm_rule_policy,ClearFarm,clearfarm:exp3:penC2.3,2022-07-29,2022-07-29 23:59:59,1,1.2,0.6,0.3,high,policy:cctv_focus rule: management: feed_drop | environment: nh3_high,"NH3 농도, 분뇨 상태, 환기 상태 확인",normal,정상 범위,온도 기준 이상 없음
environment-0149,environment,2,high,clearfarm_rule_policy,ClearFarm,clearfarm:exp3:penC3.3,2022-07-29,2022-07-29 23:59:59,1,1.2,0.6,0.3,high,policy:cctv_focus rule: management: feed_drop | environment: nh3_high,"NH3 농도, 분뇨 상태, 환기 상태 확인",normal,정상 범위,온도 기준 이상 없음
environment-0150,environment,2,high,clearfarm_rule_policy,ClearFarm,clearfarm:exp3:penD3.3,2022-07-29,2022-07-29 23:59:59,1,1.2,0.6,0.3,high,policy:cctv_focus rule: management: feed_drop | environment: nh3_high,"NH3 농도, 분뇨 상태, 환기 상태 확인",screening,선별,관찰/추세 확인 후보
environment-0151,environment,2,high,clearfarm_rule_policy,ClearFarm,clearfarm:exp3:penA2.3,2022-08-02,2022-08-02 23:59:59,1,1.2,0.6,0.3,high,policy:cctv_focus rule: management: feed_drop | environment: nh3_high,"NH3 농도, 분뇨 상태, 환기 상태 확인",balanced,균형,환경 이상 기본 기준 후보
environment-0152,environment,2,high,clearfarm_rule_policy,ClearFarm,clearfarm:exp3:penA3.3,2022-08-02,2022-08-02 23:59:59,1,1.2,0.6,0.3,high,policy:cctv_focus rule: management: feed_drop | environment: nh3_high,"NH3 농도, 분뇨 상태, 환기 상태 확인",balanced,균형,환경 이상 기본 기준 후보
environment-0153,environment,2,high,clearfarm_rule_policy,ClearFarm,clearfarm:exp3:penC2.3,2022-08-02,2022-08-02 23:59:59,1,1.2,0.6,0.3,high,policy:cctv_focus rule: management: feed_drop | environment: nh3_high,"NH3 농도, 분뇨 상태, 환기 상태 확인",balanced,균형,환경 이상 기본 기준 후보
environment-0154,environment,2,high,clearfarm_rule_policy,ClearFarm,clearfarm:exp3:penC3.3,2022-08-09,2022-08-09 23:59:59,1,1.2,0.6,0.3,high,policy:cctv_focus rule: management: feed_drop | environment: nh3_high,"NH3 농도, 분뇨 상태, 환기 상태 확인",balanced,균형,환경 이상 기본 기준 후보
environment-0155,environment,2,high,clearfarm_rule_policy,ClearFarm,clearfarm:exp4:penC3.4,2022-09-17,2022-09-17 23:59:59,1,1.2,0.6,0.3,high,policy:cctv_focus rule: management: feed_drop | environment: co2_high,CO2 농도와 환기팬/입기구 상태 확인,normal,정상 범위,온도 기준 이상 없음
environment-0156,environment,2,high,clearfarm_rule_policy,ClearFarm,clearfarm:exp4:penF2.4,2022-09-17,2022-09-17 23:59:59,1,1.2,0.6,0.3,high,policy:cctv_focus rule: management: feed_drop | environment: co2_high,CO2 농도와 환기팬/입기구 상태 확인,normal,정상 범위,온도 기준 이상 없음
environment-0157,environment,2,high,clearfarm_rule_policy,ClearFarm,clearfarm:exp4:penF3.4,2022-09-17,2022-09-17 23:59:59,1,1.2,0.6,0.3,high,policy:cctv_focus rule: management: feed_drop | environment: co2_high,CO2 농도와 환기팬/입기구 상태 확인,normal,정상 범위,온도 기준 이상 없음
environment-0158,environment,2,high,clearfarm_rule_policy,ClearFarm,clearfarm:exp4:penD3.4,2022-09-20,2022-09-20 23:59:59,1,1.2,0.6,0.3,high,policy:cctv_focus rule: management: feed_drop | environment: co2_high,CO2 농도와 환기팬/입기구 상태 확인,normal,정상 범위,온도 기준 이상 없음
environment-0159,environment,2,high,clearfarm_rule_policy,ClearFarm,clearfarm:exp4:penB2.4,2022-09-23,2022-09-23 23:59:59,1,1.2,0.6,0.3,high,policy:cctv_focus rule: management: feed_drop | environment: co2_high,CO2 농도와 환기팬/입기구 상태 확인,normal,정상 범위,온도 기준 이상 없음
environment-0160,environment,2,high,clearfarm_rule_policy,ClearFarm,clearfarm:exp4:penD2.4,2022-09-23,2022-09-23 23:59:59,1,1.2,0.6,0.3,high,policy:cctv_focus rule: management: feed_drop | environment: co2_high,CO2 농도와 환기팬/입기구 상태 확인,normal,정상 범위,온도 기준 이상 없음
environment-0161,environment,2,high,clearfarm_rule_policy,ClearFarm,clearfarm:exp4:penB2.4,2022-09-27,2022-09-27 23:59:59,1,1.2,0.6,0.3,high,policy:cctv_focus rule: management: feed_drop | environment: co2_high,CO2 농도와 환기팬/입기구 상태 확인,normal,정상 범위,온도 기준 이상 없음
environment-0162,environment,2,high,clearfarm_rule_policy,ClearFarm,clearfarm:exp4:penD3.4,2022-09-27,2022-09-27 23:59:59,1,1.2,0.6,0.3,high,policy:cctv_focus rule: management: feed_drop | environment: co2_high,CO2 농도와 환기팬/입기구 상태 확인,normal,정상 범위,온도 기준 이상 없음
environment-0163,environment,2,high,clearfarm_rule_policy,ClearFarm,clearfarm:exp4:penF3.4,2022-09-27,2022-09-27 23:59:59,1,1.2,0.6,0.3,high,policy:cctv_focus rule: management: feed_drop | environment: co2_high,CO2 농도와 환기팬/입기구 상태 확인,normal,정상 범위,온도 기준 이상 없음
environment-0164,environment,2,high,clearfarm_rule_policy,ClearFarm,clearfarm:exp4:penB2.4,2022-09-30,2022-09-30 23:59:59,1,1.2,0.6,0.3,high,policy:cctv_focus rule: management: feed_drop | environment: co2_high,CO2 농도와 환기팬/입기구 상태 확인,normal,정상 범위,온도 기준 이상 없음
environment-0165,environment,2,high,clearfarm_rule_policy,ClearFarm,clearfarm:exp4:penD2.4,2022-09-30,2022-09-30 23:59:59,1,1.2,0.6,0.3,high,policy:cctv_focus rule: management: feed_drop | environment: co2_high,CO2 농도와 환기팬/입기구 상태 확인,normal,정상 범위,온도 기준 이상 없음
environment-0166,environment,2,high,clearfarm_rule_policy,ClearFarm,clearfarm:exp4:penD3.4,2022-09-30,2022-09-30 23:59:59,1,1.2,0.6,0.3,high,policy:cctv_focus rule: management: feed_drop | environment: co2_high,CO2 농도와 환기팬/입기구 상태 확인,normal,정상 범위,온도 기준 이상 없음
environment-0167,environment,2,high,clearfarm_rule_policy,ClearFarm,clearfarm:exp4:penF3.4,2022-09-30,2022-09-30 23:59:59,1,1.2,0.6,0.3,high,policy:cctv_focus rule: management: feed_drop | environment: co2_high,CO2 농도와 환기팬/입기구 상태 확인,normal,정상 범위,온도 기준 이상 없음
environment-0168,environment,2,high,clearfarm_rule_policy,ClearFarm,clearfarm:exp4:penC2.4,2022-10-04,2022-10-04 23:59:59,1,1.2,0.6,0.3,high,policy:cctv_focus rule: management: feed_drop | environment: co2_high,CO2 농도와 환기팬/입기구 상태 확인,normal,정상 범위,온도 기준 이상 없음
environment-0169,environment,2,high,clearfarm_rule_policy,ClearFarm,clearfarm:exp4:penC3.4,2022-10-04,2022-10-04 23:59:59,1,1.2,0.6,0.3,high,policy:cctv_focus rule: management: feed_drop | environment: co2_high,CO2 농도와 환기팬/입기구 상태 확인,normal,정상 범위,온도 기준 이상 없음
environment-0170,environment,2,high,clearfarm_rule_policy,ClearFarm,clearfarm:exp4:penF2.4,2022-10-04,2022-10-04 23:59:59,1,1.2,0.6,0.3,high,policy:cctv_focus rule: management: feed_drop | environment: co2_high,CO2 농도와 환기팬/입기구 상태 확인,normal,정상 범위,온도 기준 이상 없음
environment-0171,environment,2,high,clearfarm_rule_policy,ClearFarm,clearfarm:exp4:penF3.4,2022-10-04,2022-10-04 23:59:59,1,1.2,0.6,0.3,high,policy:cctv_focus rule: management: feed_drop | environment: co2_high,CO2 농도와 환기팬/입기구 상태 확인,normal,정상 범위,온도 기준 이상 없음
environment-0172,environment,2,high,clearfarm_rule_policy,ClearFarm,clearfarm:exp4:penB2.4,2022-10-07,2022-10-07 23:59:59,1,1.2,0.6,0.3,high,policy:cctv_focus rule: management: feed_drop | environment: co2_high,CO2 농도와 환기팬/입기구 상태 확인,normal,정상 범위,온도 기준 이상 없음
environment-0173,environment,2,high,clearfarm_rule_policy,ClearFarm,clearfarm:exp4:penC2.4,2022-10-07,2022-10-07 23:59:59,1,1.2,0.6,0.3,high,policy:cctv_focus rule: management: feed_drop | environment: co2_high,CO2 농도와 환기팬/입기구 상태 확인,normal,정상 범위,온도 기준 이상 없음
environment-0174,environment,2,high,clearfarm_rule_policy,ClearFarm,clearfarm:exp4:penD2.4,2022-10-07,2022-10-07 23:59:59,1,1.2,0.6,0.3,high,policy:cctv_focus rule: management: feed_drop | environment: co2_high,CO2 농도와 환기팬/입기구 상태 확인,normal,정상 범위,온도 기준 이상 없음
environment-0175,environment,2,high,clearfarm_rule_policy,ClearFarm,clearfarm:exp4:penD3.4,2022-10-07,2022-10-07 23:59:59,1,1.2,0.6,0.3,high,policy:cctv_focus rule: management: feed_drop | environment: co2_high,CO2 농도와 환기팬/입기구 상태 확인,normal,정상 범위,온도 기준 이상 없음
environment-0176,environment,2,high,clearfarm_rule_policy,ClearFarm,clearfarm:exp4:penC2.4,2022-10-11,2022-10-11 23:59:59,1,1.2,0.6,0.3,high,policy:cctv_focus rule: management: feed_drop | environment: co2_high,CO2 농도와 환기팬/입기구 상태 확인,normal,정상 범위,온도 기준 이상 없음
environment-0177,environment,2,high,clearfarm_rule_policy,ClearFarm,clearfarm:exp4:penD3.4,2022-10-11,2022-10-11 23:59:59,1,1.2,0.6,0.3,high,policy:cctv_focus rule: management: feed_drop | environment: co2_high,CO2 농도와 환기팬/입기구 상태 확인,normal,정상 범위,온도 기준 이상 없음
environment-0178,environment,2,high,clearfarm_rule_policy,ClearFarm,clearfarm:exp4:penF2.4,2022-10-11,2022-10-11 23:59:59,1,1.2,0.6,0.3,high,policy:cctv_focus rule: management: feed_drop | environment: co2_high,CO2 농도와 환기팬/입기구 상태 확인,normal,정상 범위,온도 기준 이상 없음
environment-0179,environment,2,high,clearfarm_rule_policy,ClearFarm,clearfarm:exp4:penF3.4,2022-10-11,2022-10-11 23:59:59,1,1.2,0.6,0.3,high,policy:cctv_focus rule: management: feed_drop | environment: co2_high,CO2 농도와 환기팬/입기구 상태 확인,normal,정상 범위,온도 기준 이상 없음
environment-0180,environment,2,high,clearfarm_rule_policy,ClearFarm,clearfarm:exp4:penC2.4,2022-10-14,2022-10-14 23:59:59,1,1.2,0.6,0.3,high,policy:cctv_focus rule: management: feed_drop | environment: co2_high,CO2 농도와 환기팬/입기구 상태 확인,normal,정상 범위,온도 기준 이상 없음
environment-0181,environment,2,high,clearfarm_rule_policy,ClearFarm,clearfarm:exp4:penC3.4,2022-10-14,2022-10-14 23:59:59,1,1.2,0.6,0.3,high,policy:cctv_focus rule: management: feed_drop | environment: co2_high,CO2 농도와 환기팬/입기구 상태 확인,normal,정상 범위,온도 기준 이상 없음
environment-0182,environment,2,high,clearfarm_rule_policy,ClearFarm,clearfarm:exp4:penF2.4,2022-10-14,2022-10-14 23:59:59,1,1.2,0.6,0.3,high,policy:cctv_focus rule: management: feed_drop | environment: co2_high,CO2 농도와 환기팬/입기구 상태 확인,normal,정상 범위,온도 기준 이상 없음
environment-0183,environment,2,high,clearfarm_rule_policy,ClearFarm,clearfarm:exp4:penC2.4,2022-10-18,2022-10-18 23:59:59,1,1.2,0.6,0.3,high,policy:cctv_focus rule: management: feed_drop | environment: co2_high,CO2 농도와 환기팬/입기구 상태 확인,normal,정상 범위,온도 기준 이상 없음
environment-0184,environment,2,high,clearfarm_rule_policy,ClearFarm,clearfarm:exp4:penC3.4,2022-10-18,2022-10-18 23:59:59,1,1.2,0.6,0.3,high,policy:cctv_focus rule: management: feed_drop | environment: co2_high,CO2 농도와 환기팬/입기구 상태 확인,normal,정상 범위,온도 기준 이상 없음
environment-0185,environment,2,high,clearfarm_rule_policy,ClearFarm,clearfarm:exp4:penD2.4,2022-10-18,2022-10-18 23:59:59,1,1.2,0.6,0.3,high,policy:cctv_focus rule: management: feed_drop | environment: co2_high,CO2 농도와 환기팬/입기구 상태 확인,normal,정상 범위,온도 기준 이상 없음
environment-0186,environment,2,high,clearfarm_rule_policy,ClearFarm,clearfarm:exp4:penD3.4,2022-10-18,2022-10-18 23:59:59,1,1.2,0.6,0.3,high,policy:cctv_focus rule: management: feed_drop | environment: co2_high,CO2 농도와 환기팬/입기구 상태 확인,normal,정상 범위,온도 기준 이상 없음
environment-0187,environment,2,high,clearfarm_rule_policy,ClearFarm,clearfarm:exp4:penF2.4,2022-10-18,2022-10-18 23:59:59,1,1.2,0.6,0.3,high,policy:cctv_focus rule: management: feed_drop | environment: co2_high,CO2 농도와 환기팬/입기구 상태 확인,normal,정상 범위,온도 기준 이상 없음
environment-0188,environment,2,high,clearfarm_rule_policy,ClearFarm,clearfarm:exp4:penC3.4,2022-10-21,2022-10-21 23:59:59,1,1.2,0.6,0.3,high,policy:cctv_focus rule: management: feed_drop | environment: co2_high,CO2 농도와 환기팬/입기구 상태 확인,normal,정상 범위,온도 기준 이상 없음
environment-0189,environment,2,high,clearfarm_rule_policy,ClearFarm,clearfarm:exp4:penD2.4,2022-10-21,2022-10-21 23:59:59,1,1.2,0.6,0.3,high,policy:cctv_focus rule: management: feed_drop | environment: nh3_high,"NH3 농도, 분뇨 상태, 환기 상태 확인",normal,정상 범위,온도 기준 이상 없음
environment-0190,environment,2,high,clearfarm_rule_policy,ClearFarm,clearfarm:exp4:penD3.4,2022-10-21,2022-10-21 23:59:59,1,1.2,0.6,0.3,high,policy:cctv_focus rule: management: feed_drop | environment: nh3_high,"NH3 농도, 분뇨 상태, 환기 상태 확인",normal,정상 범위,온도 기준 이상 없음
environment-0191,environment,2,high,clearfarm_rule_policy,ClearFarm,clearfarm:exp4:penF2.4,2022-10-21,2022-10-21 23:59:59,1,1.2,0.6,0.3,high,policy:cctv_focus rule: management: feed_drop | environment: co2_high,CO2 농도와 환기팬/입기구 상태 확인,normal,정상 범위,온도 기준 이상 없음
environment-0192,environment,2,high,clearfarm_rule_policy,ClearFarm,clearfarm:exp4:penF3.4,2022-10-21,2022-10-21 23:59:59,1,1.2,0.6,0.3,high,policy:cctv_focus rule: management: feed_drop | environment: co2_high,CO2 농도와 환기팬/입기구 상태 확인,normal,정상 범위,온도 기준 이상 없음
environment-0193,environment,2,high,clearfarm_rule_policy,ClearFarm,clearfarm:exp4:penC2.4,2022-10-25,2022-10-25 23:59:59,1,1.2,0.6,0.3,high,policy:cctv_focus rule: management: feed_drop | environment: co2_high,CO2 농도와 환기팬/입기구 상태 확인,normal,정상 범위,온도 기준 이상 없음
environment-0194,environment,2,high,clearfarm_rule_policy,ClearFarm,clearfarm:exp4:penF3.4,2022-10-25,2022-10-25 23:59:59,1,1.2,0.6,0.3,high,policy:cctv_focus rule: management: feed_drop | environment: co2_high,CO2 농도와 환기팬/입기구 상태 확인,normal,정상 범위,온도 기준 이상 없음
environment-0195,environment,2,high,clearfarm_rule_policy,ClearFarm,clearfarm:exp4:penF3.4,2022-11-01,2022-11-01 23:59:59,1,1.2,0.6,0.3,high,policy:cctv_focus rule: management: feed_drop | environment: co2_high,CO2 농도와 환기팬/입기구 상태 확인,normal,정상 범위,온도 기준 이상 없음
environment-0196,environment,2,high,clearfarm_rule_policy,ClearFarm,clearfarm:exp4:penD2.4,2022-11-04,2022-11-04 23:59:59,1,1.2,0.6,0.3,high,policy:cctv_focus rule: management: feed_drop | environment: nh3_high,"NH3 농도, 분뇨 상태, 환기 상태 확인",normal,정상 범위,온도 기준 이상 없음
environment-0197,environment,2,high,clearfarm_rule_policy,ClearFarm,clearfarm:exp4:penC2.4,2022-11-08,2022-11-08 23:59:59,1,1.2,0.6,0.3,high,policy:cctv_focus rule: management: feed_drop | environment: co2_high,CO2 농도와 환기팬/입기구 상태 확인,normal,정상 범위,온도 기준 이상 없음
environment-0198,environment,2,high,clearfarm_rule_policy,ClearFarm,clearfarm:exp4:penF3.4,2022-11-08,2022-11-08 23:59:59,1,1.2,0.6,0.3,high,policy:cctv_focus rule: management: feed_drop | environment: co2_high,CO2 농도와 환기팬/입기구 상태 확인,normal,정상 범위,온도 기준 이상 없음
environment-0199,environment,2,high,clearfarm_rule_policy,ClearFarm,clearfarm:exp4:penB3.4,2022-11-18,2022-11-18 23:59:59,1,1.2,0.6,0.3,high,policy:cctv_focus rule: management: feed_drop | environment: nh3_high,"NH3 농도, 분뇨 상태, 환기 상태 확인",normal,정상 범위,온도 기준 이상 없음
environment-0200,environment,2,high,clearfarm_rule_policy,ClearFarm,clearfarm:exp4:penB2.4,2022-11-21,2022-11-21 23:59:59,1,1.2,0.6,0.3,high,policy:cctv_focus rule: management: feed_drop | environment: nh3_high,"NH3 농도, 분뇨 상태, 환기 상태 확인",normal,정상 범위,온도 기준 이상 없음
environment-0201,environment,2,high,clearfarm_rule_policy,ClearFarm,clearfarm:exp4:penB2.4,2022-11-25,2022-11-25 23:59:59,1,1.2,0.6,0.3,high,policy:cctv_focus rule: management: feed_drop | environment: nh3_high,"NH3 농도, 분뇨 상태, 환기 상태 확인",normal,정상 범위,온도 기준 이상 없음
environment-0202,environment,2,high,clearfarm_rule_policy,ClearFarm,clearfarm:exp4:penB3.4,2022-11-25,2022-11-25 23:59:59,1,1.2,0.6,0.3,high,policy:cctv_focus rule: management: feed_drop | environment: nh3_high,"NH3 농도, 분뇨 상태, 환기 상태 확인",normal,정상 범위,온도 기준 이상 없음
environment-0203,environment,2,high,clearfarm_rule_policy,ClearFarm,clearfarm:exp4:penC2.4,2022-11-25,2022-11-25 23:59:59,1,1.2,0.6,0.3,high,policy:cctv_focus rule: management: feed_drop | environment: co2_high,CO2 농도와 환기팬/입기구 상태 확인,normal,정상 범위,온도 기준 이상 없음
environment-0204,environment,2,high,clearfarm_rule_policy,ClearFarm,clearfarm:exp4:penC3.4,2022-11-25,2022-11-25 23:59:59,1,1.2,0.6,0.3,high,policy:cctv_focus rule: management: feed_drop | environment: co2_high,CO2 농도와 환기팬/입기구 상태 확인,normal,정상 범위,온도 기준 이상 없음
environment-0205,environment,2,high,clearfarm_rule_policy,ClearFarm,clearfarm:exp4:penF2.4,2022-11-25,2022-11-25 23:59:59,1,1.2,0.6,0.3,high,policy:cctv_focus rule: management: feed_drop | environment: co2_high,CO2 농도와 환기팬/입기구 상태 확인,normal,정상 범위,온도 기준 이상 없음
environment-0206,environment,2,high,clearfarm_rule_policy,ClearFarm,clearfarm:exp4:penF3.4,2022-11-25,2022-11-25 23:59:59,1,1.2,0.6,0.3,high,policy:cctv_focus rule: management: feed_drop | environment: co2_high,CO2 농도와 환기팬/입기구 상태 확인,normal,정상 범위,온도 기준 이상 없음
environment-0207,environment,2,high,clearfarm_rule_policy,ClearFarm,clearfarm:exp4:penB2.4,2022-11-29,2022-11-29 23:59:59,1,1.2,0.6,0.3,high,policy:cctv_focus rule: management: feed_drop | environment: nh3_high,"NH3 농도, 분뇨 상태, 환기 상태 확인",normal,정상 범위,온도 기준 이상 없음
environment-0208,environment,2,high,clearfarm_rule_policy,ClearFarm,clearfarm:exp4:penB3.4,2022-11-29,2022-11-29 23:59:59,1,1.2,0.6,0.3,high,policy:cctv_focus rule: management: feed_drop | environment: nh3_high,"NH3 농도, 분뇨 상태, 환기 상태 확인",normal,정상 범위,온도 기준 이상 없음
environment-0209,environment,2,high,clearfarm_rule_policy,ClearFarm,clearfarm:exp4:penF3.4,2022-11-29,2022-11-29 23:59:59,1,1.2,0.6,0.3,high,policy:cctv_focus rule: management: feed_drop | environment: co2_high,CO2 농도와 환기팬/입기구 상태 확인,normal,정상 범위,온도 기준 이상 없음
environment-0210,environment,2,high,clearfarm_rule_policy,ClearFarm,clearfarm:exp4:penB2.4,2022-12-06,2022-12-06 23:59:59,1,1.2,0.6,0.3,high,policy:cctv_focus rule: management: feed_drop | environment: nh3_high,"NH3 농도, 분뇨 상태, 환기 상태 확인",normal,정상 범위,온도 기준 이상 없음
environment-0211,environment,2,high,clearfarm_rule_policy,ClearFarm,clearfarm:exp4:penB3.4,2022-12-06,2022-12-06 23:59:59,1,1.2,0.6,0.3,high,policy:cctv_focus rule: management: feed_drop | environment: nh3_high,"NH3 농도, 분뇨 상태, 환기 상태 확인",normal,정상 범위,온도 기준 이상 없음
environment-0212,environment,2,high,clearfarm_rule_policy,ClearFarm,clearfarm:exp2:penC2.2,2021-09-28,2021-09-28 23:59:59,1,0.8999999999999999,0.0,0.8999999999999999,medium,"policy:caution rule: environment: co2_high,nh3_high","환기량 증대, CO2/NH3 센서 재확인, 분뇨/환기 설비 점검",normal,정상 범위,온도 기준 이상 없음
environment-0213,environment,2,high,clearfarm_rule_policy,ClearFarm,clearfarm:exp2:penC3.2,2021-09-28,2021-09-28 23:59:59,1,0.8999999999999999,0.0,0.8999999999999999,medium,"policy:caution rule: environment: co2_high,nh3_high","환기량 증대, CO2/NH3 센서 재확인, 분뇨/환기 설비 점검",normal,정상 범위,온도 기준 이상 없음
environment-0214,environment,2,high,clearfarm_rule_policy,ClearFarm,clearfarm:exp2:penC2.2,2021-10-05,2021-10-05 23:59:59,1,0.8999999999999999,0.0,0.8999999999999999,medium,"policy:caution rule: environment: co2_high,nh3_high","환기량 증대, CO2/NH3 센서 재확인, 분뇨/환기 설비 점검",normal,정상 범위,온도 기준 이상 없음
environment-0215,environment,2,high,clearfarm_rule_policy,ClearFarm,clearfarm:exp2:penC3.2,2021-10-05,2021-10-05 23:59:59,1,0.8999999999999999,0.0,0.8999999999999999,medium,"policy:caution rule: environment: co2_high,nh3_high","환기량 증대, CO2/NH3 센서 재확인, 분뇨/환기 설비 점검",normal,정상 범위,온도 기준 이상 없음
environment-0216,environment,2,high,clearfarm_rule_policy,ClearFarm,clearfarm:exp2:penF2.2,2021-10-05,2021-10-05 23:59:59,1,0.8999999999999999,0.0,0.8999999999999999,medium,"policy:caution rule: environment: co2_high,nh3_high","환기량 증대, CO2/NH3 센서 재확인, 분뇨/환기 설비 점검",normal,정상 범위,온도 기준 이상 없음
environment-0217,environment,2,high,clearfarm_rule_policy,ClearFarm,clearfarm:exp2:penF3.2,2021-10-05,2021-10-05 23:59:59,1,0.8999999999999999,0.0,0.8999999999999999,medium,"policy:caution rule: environment: co2_high,nh3_high","환기량 증대, CO2/NH3 센서 재확인, 분뇨/환기 설비 점검",normal,정상 범위,온도 기준 이상 없음
environment-0218,environment,2,high,clearfarm_rule_policy,ClearFarm,clearfarm:exp2:penA2.2,2021-10-08,2021-10-08 23:59:59,1,0.8999999999999999,0.0,0.8999999999999999,medium,"policy:caution rule: environment: co2_high,nh3_high","환기량 증대, CO2/NH3 센서 재확인, 분뇨/환기 설비 점검",normal,정상 범위,온도 기준 이상 없음
environment-0219,environment,2,high,clearfarm_rule_policy,ClearFarm,clearfarm:exp2:penA3.2,2021-10-08,2021-10-08 23:59:59,1,0.8999999999999999,0.0,0.8999999999999999,medium,"policy:caution rule: environment: co2_high,nh3_high","환기량 증대, CO2/NH3 센서 재확인, 분뇨/환기 설비 점검",normal,정상 범위,온도 기준 이상 없음
environment-0220,environment,2,high,clearfarm_rule_policy,ClearFarm,clearfarm:exp2:penC2.2,2021-10-08,2021-10-08 23:59:59,1,0.8999999999999999,0.0,0.8999999999999999,medium,"policy:caution rule: environment: co2_high,nh3_high","환기량 증대, CO2/NH3 센서 재확인, 분뇨/환기 설비 점검",normal,정상 범위,온도 기준 이상 없음
environment-0221,environment,2,high,clearfarm_rule_policy,ClearFarm,clearfarm:exp2:penC3.2,2021-10-08,2021-10-08 23:59:59,1,0.8999999999999999,0.0,0.8999999999999999,medium,"policy:caution rule: environment: co2_high,nh3_high","환기량 증대, CO2/NH3 센서 재확인, 분뇨/환기 설비 점검",normal,정상 범위,온도 기준 이상 없음
environment-0222,environment,2,high,clearfarm_rule_policy,ClearFarm,clearfarm:exp2:penD2.2,2021-10-08,2021-10-08 23:59:59,1,0.8999999999999999,0.0,0.8999999999999999,medium,"policy:caution rule: environment: co2_high,nh3_high","환기량 증대, CO2/NH3 센서 재확인, 분뇨/환기 설비 점검",normal,정상 범위,온도 기준 이상 없음
environment-0223,environment,2,high,clearfarm_rule_policy,ClearFarm,clearfarm:exp2:penD3.2,2021-10-08,2021-10-08 23:59:59,1,0.8999999999999999,0.0,0.8999999999999999,medium,"policy:caution rule: environment: co2_high,nh3_high","환기량 증대, CO2/NH3 센서 재확인, 분뇨/환기 설비 점검",normal,정상 범위,온도 기준 이상 없음
environment-0224,environment,2,high,clearfarm_rule_policy,ClearFarm,clearfarm:exp2:penF2.2,2021-10-08,2021-10-08 23:59:59,1,0.8999999999999999,0.0,0.8999999999999999,medium,"policy:caution rule: environment: co2_high,nh3_high","환기량 증대, CO2/NH3 센서 재확인, 분뇨/환기 설비 점검",normal,정상 범위,온도 기준 이상 없음
environment-0225,environment,2,high,clearfarm_rule_policy,ClearFarm,clearfarm:exp2:penF3.2,2021-10-08,2021-10-08 23:59:59,1,0.8999999999999999,0.0,0.8999999999999999,medium,"policy:caution rule: environment: co2_high,nh3_high","환기량 증대, CO2/NH3 센서 재확인, 분뇨/환기 설비 점검",normal,정상 범위,온도 기준 이상 없음
environment-0226,environment,2,high,clearfarm_rule_policy,ClearFarm,clearfarm:exp2:penA3.2,2021-10-12,2021-10-12 23:59:59,1,0.8999999999999999,0.0,0.8999999999999999,medium,"policy:caution rule: environment: co2_high,nh3_high","환기량 증대, CO2/NH3 센서 재확인, 분뇨/환기 설비 점검",normal,정상 범위,온도 기준 이상 없음
environment-0227,environment,2,high,clearfarm_rule_policy,ClearFarm,clearfarm:exp2:penC2.2,2021-10-12,2021-10-12 23:59:59,1,0.8999999999999999,0.0,0.8999999999999999,medium,"policy:caution rule: environment: co2_high,nh3_high","환기량 증대, CO2/NH3 센서 재확인, 분뇨/환기 설비 점검",normal,정상 범위,온도 기준 이상 없음
environment-0228,environment,2,high,clearfarm_rule_policy,ClearFarm,clearfarm:exp2:penC3.2,2021-10-12,2021-10-12 23:59:59,1,0.8999999999999999,0.0,0.8999999999999999,medium,"policy:caution rule: environment: co2_high,nh3_high","환기량 증대, CO2/NH3 센서 재확인, 분뇨/환기 설비 점검",normal,정상 범위,온도 기준 이상 없음
environment-0229,environment,2,high,clearfarm_rule_policy,ClearFarm,clearfarm:exp2:penD3.2,2021-10-12,2021-10-12 23:59:59,1,0.8999999999999999,0.0,0.8999999999999999,medium,"policy:caution rule: environment: co2_high,nh3_high","환기량 증대, CO2/NH3 센서 재확인, 분뇨/환기 설비 점검",normal,정상 범위,온도 기준 이상 없음
environment-0230,environment,2,high,clearfarm_rule_policy,ClearFarm,clearfarm:exp2:penA3.2,2021-10-15,2021-10-15 23:59:59,1,0.8999999999999999,0.0,0.8999999999999999,medium,"policy:caution rule: environment: co2_high,nh3_high","환기량 증대, CO2/NH3 센서 재확인, 분뇨/환기 설비 점검",normal,정상 범위,온도 기준 이상 없음
environment-0231,environment,2,high,clearfarm_rule_policy,ClearFarm,clearfarm:exp2:penC3.2,2021-10-15,2021-10-15 23:59:59,1,0.8999999999999999,0.0,0.8999999999999999,medium,"policy:caution rule: environment: co2_high,nh3_high","환기량 증대, CO2/NH3 센서 재확인, 분뇨/환기 설비 점검",normal,정상 범위,온도 기준 이상 없음
environment-0232,environment,2,high,clearfarm_rule_policy,ClearFarm,clearfarm:exp2:penD2.2,2021-10-15,2021-10-15 23:59:59,1,0.8999999999999999,0.0,0.8999999999999999,medium,"policy:caution rule: environment: co2_high,nh3_high","환기량 증대, CO2/NH3 센서 재확인, 분뇨/환기 설비 점검",normal,정상 범위,온도 기준 이상 없음
environment-0233,environment,2,high,clearfarm_rule_policy,ClearFarm,clearfarm:exp2:penD3.2,2021-10-15,2021-10-15 23:59:59,1,0.8999999999999999,0.0,0.8999999999999999,medium,"policy:caution rule: environment: co2_high,nh3_high","환기량 증대, CO2/NH3 센서 재확인, 분뇨/환기 설비 점검",normal,정상 범위,온도 기준 이상 없음
environment-0234,environment,2,high,clearfarm_rule_policy,ClearFarm,clearfarm:exp2:penB2.2,2021-10-22,2021-10-22 23:59:59,1,0.8999999999999999,0.0,0.8999999999999999,medium,"policy:caution rule: environment: co2_high,nh3_high","환기량 증대, CO2/NH3 센서 재확인, 분뇨/환기 설비 점검",normal,정상 범위,온도 기준 이상 없음
environment-0235,environment,2,high,clearfarm_rule_policy,ClearFarm,clearfarm:exp2:penC3.2,2021-10-22,2021-10-22 23:59:59,1,0.8999999999999999,0.0,0.8999999999999999,medium,"policy:caution rule: environment: co2_high,nh3_high","환기량 증대, CO2/NH3 센서 재확인, 분뇨/환기 설비 점검",normal,정상 범위,온도 기준 이상 없음
environment-0236,environment,2,high,clearfarm_rule_policy,ClearFarm,clearfarm:exp2:penD2.2,2021-10-22,2021-10-22 23:59:59,1,0.8999999999999999,0.0,0.8999999999999999,medium,"policy:caution rule: environment: co2_high,nh3_high","환기량 증대, CO2/NH3 센서 재확인, 분뇨/환기 설비 점검",normal,정상 범위,온도 기준 이상 없음
environment-0237,environment,2,high,clearfarm_rule_policy,ClearFarm,clearfarm:exp2:penD3.2,2021-10-22,2021-10-22 23:59:59,1,0.8999999999999999,0.0,0.8999999999999999,medium,"policy:caution rule: environment: co2_high,nh3_high","환기량 증대, CO2/NH3 센서 재확인, 분뇨/환기 설비 점검",normal,정상 범위,온도 기준 이상 없음
environment-0238,environment,2,high,clearfarm_rule_policy,ClearFarm,clearfarm:exp2:penF3.2,2021-10-22,2021-10-22 23:59:59,1,0.8999999999999999,0.0,0.8999999999999999,medium,"policy:caution rule: environment: co2_high,nh3_high","환기량 증대, CO2/NH3 센서 재확인, 분뇨/환기 설비 점검",normal,정상 범위,온도 기준 이상 없음
environment-0239,environment,2,high,clearfarm_rule_policy,ClearFarm,clearfarm:exp2:penC2.2,2021-10-26,2021-10-26 23:59:59,1,0.8999999999999999,0.0,0.8999999999999999,medium,"policy:caution rule: environment: co2_high,nh3_high","환기량 증대, CO2/NH3 센서 재확인, 분뇨/환기 설비 점검",normal,정상 범위,온도 기준 이상 없음
environment-0240,environment,2,high,clearfarm_rule_policy,ClearFarm,clearfarm:exp2:penC3.2,2021-10-26,2021-10-26 23:59:59,1,0.8999999999999999,0.0,0.8999999999999999,medium,"policy:caution rule: environment: co2_high,nh3_high","환기량 증대, CO2/NH3 센서 재확인, 분뇨/환기 설비 점검",normal,정상 범위,온도 기준 이상 없음
environment-0241,environment,2,high,clearfarm_rule_policy,ClearFarm,clearfarm:exp2:penF3.2,2021-10-26,2021-10-26 23:59:59,1,0.8999999999999999,0.0,0.8999999999999999,medium,"policy:caution rule: environment: co2_high,nh3_high","환기량 증대, CO2/NH3 센서 재확인, 분뇨/환기 설비 점검",normal,정상 범위,온도 기준 이상 없음
environment-0242,environment,2,high,clearfarm_rule_policy,ClearFarm,clearfarm:exp2:penB2.2,2021-10-29,2021-10-29 23:59:59,1,0.8999999999999999,0.0,0.8999999999999999,medium,"policy:caution rule: environment: co2_high,nh3_high","환기량 증대, CO2/NH3 센서 재확인, 분뇨/환기 설비 점검",normal,정상 범위,온도 기준 이상 없음
environment-0243,environment,2,high,clearfarm_rule_policy,ClearFarm,clearfarm:exp2:penF2.2,2021-10-29,2021-10-29 23:59:59,1,0.8999999999999999,0.0,0.8999999999999999,medium,"policy:caution rule: environment: co2_high,nh3_high","환기량 증대, CO2/NH3 센서 재확인, 분뇨/환기 설비 점검",normal,정상 범위,온도 기준 이상 없음
environment-0244,environment,2,high,clearfarm_rule_policy,ClearFarm,clearfarm:exp2:penF3.2,2021-10-29,2021-10-29 23:59:59,1,0.8999999999999999,0.0,0.8999999999999999,medium,"policy:caution rule: environment: co2_high,nh3_high","환기량 증대, CO2/NH3 센서 재확인, 분뇨/환기 설비 점검",normal,정상 범위,온도 기준 이상 없음
environment-0245,environment,2,high,clearfarm_rule_policy,ClearFarm,clearfarm:exp2:penC2.2,2021-11-02,2021-11-02 23:59:59,1,0.8999999999999999,0.0,0.8999999999999999,medium,"policy:caution rule: environment: co2_high,nh3_high","환기량 증대, CO2/NH3 센서 재확인, 분뇨/환기 설비 점검",normal,정상 범위,온도 기준 이상 없음
environment-0246,environment,2,high,clearfarm_rule_policy,ClearFarm,clearfarm:exp2:penC3.2,2021-11-02,2021-11-02 23:59:59,1,0.8999999999999999,0.0,0.8999999999999999,medium,"policy:caution rule: environment: co2_high,nh3_high","환기량 증대, CO2/NH3 센서 재확인, 분뇨/환기 설비 점검",normal,정상 범위,온도 기준 이상 없음
environment-0247,environment,2,high,clearfarm_rule_policy,ClearFarm,clearfarm:exp2:penF2.2,2021-11-02,2021-11-02 23:59:59,1,0.8999999999999999,0.0,0.8999999999999999,medium,"policy:caution rule: environment: co2_high,nh3_high","환기량 증대, CO2/NH3 센서 재확인, 분뇨/환기 설비 점검",normal,정상 범위,온도 기준 이상 없음
environment-0248,environment,2,high,clearfarm_rule_policy,ClearFarm,clearfarm:exp2:penF3.2,2021-11-02,2021-11-02 23:59:59,1,0.8999999999999999,0.0,0.8999999999999999,medium,"policy:caution rule: environment: co2_high,nh3_high","환기량 증대, CO2/NH3 센서 재확인, 분뇨/환기 설비 점검",normal,정상 범위,온도 기준 이상 없음
environment-0249,environment,2,high,clearfarm_rule_policy,ClearFarm,clearfarm:exp2:penC2.2,2021-11-05,2021-11-05 23:59:59,1,0.8999999999999999,0.0,0.8999999999999999,medium,"policy:caution rule: environment: co2_high,nh3_high","환기량 증대, CO2/NH3 센서 재확인, 분뇨/환기 설비 점검",normal,정상 범위,온도 기준 이상 없음
environment-0250,environment,2,high,clearfarm_rule_policy,ClearFarm,clearfarm:exp2:penC3.2,2021-11-05,2021-11-05 23:59:59,1,0.8999999999999999,0.0,0.8999999999999999,medium,"policy:caution rule: environment: co2_high,nh3_high","환기량 증대, CO2/NH3 센서 재확인, 분뇨/환기 설비 점검",normal,정상 범위,온도 기준 이상 없음
environment-0251,environment,2,high,clearfarm_rule_policy,ClearFarm,clearfarm:exp2:penD2.2,2021-11-05,2021-11-05 23:59:59,1,0.8999999999999999,0.0,0.8999999999999999,medium,"policy:caution rule: environment: co2_high,nh3_high","환기량 증대, CO2/NH3 센서 재확인, 분뇨/환기 설비 점검",normal,정상 범위,온도 기준 이상 없음
environment-0252,environment,2,high,clearfarm_rule_policy,ClearFarm,clearfarm:exp2:penD3.2,2021-11-05,2021-11-05 23:59:59,1,0.8999999999999999,0.0,0.8999999999999999,medium,"policy:caution rule: environment: co2_high,nh3_high","환기량 증대, CO2/NH3 센서 재확인, 분뇨/환기 설비 점검",normal,정상 범위,온도 기준 이상 없음
environment-0253,environment,2,high,clearfarm_rule_policy,ClearFarm,clearfarm:exp2:penF2.2,2021-11-05,2021-11-05 23:59:59,1,0.8999999999999999,0.0,0.8999999999999999,medium,"policy:caution rule: environment: co2_high,nh3_high","환기량 증대, CO2/NH3 센서 재확인, 분뇨/환기 설비 점검",normal,정상 범위,온도 기준 이상 없음
environment-0254,environment,2,high,clearfarm_rule_policy,ClearFarm,clearfarm:exp2:penB3.2,2021-11-09,2021-11-09 23:59:59,1,0.8999999999999999,0.0,0.8999999999999999,medium,"policy:caution rule: environment: co2_high,nh3_high","환기량 증대, CO2/NH3 센서 재확인, 분뇨/환기 설비 점검",normal,정상 범위,온도 기준 이상 없음
environment-0255,environment,2,high,clearfarm_rule_policy,ClearFarm,clearfarm:exp2:penC2.2,2021-11-09,2021-11-09 23:59:59,1,0.8999999999999999,0.0,0.8999999999999999,medium,"policy:caution rule: environment: co2_high,nh3_high","환기량 증대, CO2/NH3 센서 재확인, 분뇨/환기 설비 점검",normal,정상 범위,온도 기준 이상 없음
environment-0256,environment,2,high,clearfarm_rule_policy,ClearFarm,clearfarm:exp2:penC3.2,2021-11-09,2021-11-09 23:59:59,1,0.8999999999999999,0.0,0.8999999999999999,medium,"policy:caution rule: environment: co2_high,nh3_high","환기량 증대, CO2/NH3 센서 재확인, 분뇨/환기 설비 점검",normal,정상 범위,온도 기준 이상 없음
environment-0257,environment,2,high,clearfarm_rule_policy,ClearFarm,clearfarm:exp2:penD2.2,2021-11-09,2021-11-09 23:59:59,1,0.8999999999999999,0.0,0.8999999999999999,medium,"policy:caution rule: environment: co2_high,nh3_high","환기량 증대, CO2/NH3 센서 재확인, 분뇨/환기 설비 점검",normal,정상 범위,온도 기준 이상 없음
environment-0258,environment,2,high,clearfarm_rule_policy,ClearFarm,clearfarm:exp2:penD3.2,2021-11-09,2021-11-09 23:59:59,1,0.8999999999999999,0.0,0.8999999999999999,medium,"policy:caution rule: environment: co2_high,nh3_high","환기량 증대, CO2/NH3 센서 재확인, 분뇨/환기 설비 점검",normal,정상 범위,온도 기준 이상 없음
environment-0259,environment,2,high,clearfarm_rule_policy,ClearFarm,clearfarm:exp2:penF3.2,2021-11-09,2021-11-09 23:59:59,1,0.8999999999999999,0.0,0.8999999999999999,medium,"policy:caution rule: environment: co2_high,nh3_high","환기량 증대, CO2/NH3 센서 재확인, 분뇨/환기 설비 점검",normal,정상 범위,온도 기준 이상 없음
environment-0260,environment,2,high,clearfarm_rule_policy,ClearFarm,clearfarm:exp2:penB2.2,2021-11-12,2021-11-12 23:59:59,1,0.8999999999999999,0.0,0.8999999999999999,medium,"policy:caution rule: environment: co2_high,nh3_high","환기량 증대, CO2/NH3 센서 재확인, 분뇨/환기 설비 점검",normal,정상 범위,온도 기준 이상 없음
environment-0261,environment,2,high,clearfarm_rule_policy,ClearFarm,clearfarm:exp2:penC2.2,2021-11-12,2021-11-12 23:59:59,1,0.8999999999999999,0.0,0.8999999999999999,medium,"policy:caution rule: environment: co2_high,nh3_high","환기량 증대, CO2/NH3 센서 재확인, 분뇨/환기 설비 점검",normal,정상 범위,온도 기준 이상 없음
environment-0262,environment,2,high,clearfarm_rule_policy,ClearFarm,clearfarm:exp2:penC3.2,2021-11-12,2021-11-12 23:59:59,1,0.8999999999999999,0.0,0.8999999999999999,medium,"policy:caution rule: environment: co2_high,nh3_high","환기량 증대, CO2/NH3 센서 재확인, 분뇨/환기 설비 점검",normal,정상 범위,온도 기준 이상 없음
environment-0263,environment,2,high,clearfarm_rule_policy,ClearFarm,clearfarm:exp2:penD2.2,2021-11-12,2021-11-12 23:59:59,1,0.8999999999999999,0.0,0.8999999999999999,medium,"policy:caution rule: environment: co2_high,nh3_high","환기량 증대, CO2/NH3 센서 재확인, 분뇨/환기 설비 점검",normal,정상 범위,온도 기준 이상 없음
environment-0264,environment,2,high,clearfarm_rule_policy,ClearFarm,clearfarm:exp2:penD3.2,2021-11-12,2021-11-12 23:59:59,1,0.8999999999999999,0.0,0.8999999999999999,medium,"policy:caution rule: environment: co2_high,nh3_high","환기량 증대, CO2/NH3 센서 재확인, 분뇨/환기 설비 점검",normal,정상 범위,온도 기준 이상 없음
environment-0265,environment,2,high,clearfarm_rule_policy,ClearFarm,clearfarm:exp2:penF3.2,2021-11-12,2021-11-12 23:59:59,1,0.8999999999999999,0.0,0.8999999999999999,medium,"policy:caution rule: environment: co2_high,nh3_high","환기량 증대, CO2/NH3 센서 재확인, 분뇨/환기 설비 점검",normal,정상 범위,온도 기준 이상 없음
environment-0266,environment,2,high,clearfarm_rule_policy,ClearFarm,clearfarm:exp2:penA2.2,2021-11-16,2021-11-16 23:59:59,1,0.8999999999999999,0.0,0.8999999999999999,medium,"policy:caution rule: environment: co2_high,nh3_high","환기량 증대, CO2/NH3 센서 재확인, 분뇨/환기 설비 점검",normal,정상 범위,온도 기준 이상 없음
environment-0267,environment,2,high,clearfarm_rule_policy,ClearFarm,clearfarm:exp2:penA3.2,2021-11-16,2021-11-16 23:59:59,1,0.8999999999999999,0.0,0.8999999999999999,medium,"policy:caution rule: environment: co2_high,nh3_high","환기량 증대, CO2/NH3 센서 재확인, 분뇨/환기 설비 점검",normal,정상 범위,온도 기준 이상 없음
environment-0268,environment,2,high,clearfarm_rule_policy,ClearFarm,clearfarm:exp2:penB2.2,2021-11-16,2021-11-16 23:59:59,1,0.8999999999999999,0.0,0.8999999999999999,medium,"policy:caution rule: environment: co2_high,nh3_high","환기량 증대, CO2/NH3 센서 재확인, 분뇨/환기 설비 점검",normal,정상 범위,온도 기준 이상 없음
environment-0269,environment,2,high,clearfarm_rule_policy,ClearFarm,clearfarm:exp2:penB3.2,2021-11-16,2021-11-16 23:59:59,1,0.8999999999999999,0.0,0.8999999999999999,medium,"policy:caution rule: environment: co2_high,nh3_high","환기량 증대, CO2/NH3 센서 재확인, 분뇨/환기 설비 점검",normal,정상 범위,온도 기준 이상 없음
environment-0270,environment,2,high,clearfarm_rule_policy,ClearFarm,clearfarm:exp2:penC2.2,2021-11-16,2021-11-16 23:59:59,1,0.8999999999999999,0.0,0.8999999999999999,medium,"policy:caution rule: environment: co2_high,nh3_high","환기량 증대, CO2/NH3 센서 재확인, 분뇨/환기 설비 점검",normal,정상 범위,온도 기준 이상 없음
environment-0271,environment,2,high,clearfarm_rule_policy,ClearFarm,clearfarm:exp2:penC3.2,2021-11-16,2021-11-16 23:59:59,1,0.8999999999999999,0.0,0.8999999999999999,medium,"policy:caution rule: environment: co2_high,nh3_high","환기량 증대, CO2/NH3 센서 재확인, 분뇨/환기 설비 점검",normal,정상 범위,온도 기준 이상 없음
environment-0272,environment,2,high,clearfarm_rule_policy,ClearFarm,clearfarm:exp2:penD2.2,2021-11-16,2021-11-16 23:59:59,1,0.8999999999999999,0.0,0.8999999999999999,medium,"policy:caution rule: environment: co2_high,nh3_high","환기량 증대, CO2/NH3 센서 재확인, 분뇨/환기 설비 점검",normal,정상 범위,온도 기준 이상 없음
environment-0273,environment,2,high,clearfarm_rule_policy,ClearFarm,clearfarm:exp2:penD3.2,2021-11-16,2021-11-16 23:59:59,1,0.8999999999999999,0.0,0.8999999999999999,medium,"policy:caution rule: environment: co2_high,nh3_high","환기량 증대, CO2/NH3 센서 재확인, 분뇨/환기 설비 점검",normal,정상 범위,온도 기준 이상 없음
environment-0274,environment,2,high,clearfarm_rule_policy,ClearFarm,clearfarm:exp2:penF2.2,2021-11-16,2021-11-16 23:59:59,1,0.8999999999999999,0.0,0.8999999999999999,medium,"policy:caution rule: environment: co2_high,nh3_high","환기량 증대, CO2/NH3 센서 재확인, 분뇨/환기 설비 점검",normal,정상 범위,온도 기준 이상 없음
environment-0275,environment,2,high,clearfarm_rule_policy,ClearFarm,clearfarm:exp2:penF3.2,2021-11-16,2021-11-16 23:59:59,1,0.8999999999999999,0.0,0.8999999999999999,medium,"policy:caution rule: environment: co2_high,nh3_high","환기량 증대, CO2/NH3 센서 재확인, 분뇨/환기 설비 점검",normal,정상 범위,온도 기준 이상 없음
environment-0276,environment,2,high,clearfarm_rule_policy,ClearFarm,clearfarm:exp2:penB3.2,2021-11-19,2021-11-19 23:59:59,1,0.8999999999999999,0.0,0.8999999999999999,medium,"policy:caution rule: environment: co2_high,nh3_high","환기량 증대, CO2/NH3 센서 재확인, 분뇨/환기 설비 점검",normal,정상 범위,온도 기준 이상 없음
environment-0277,environment,2,high,clearfarm_rule_policy,ClearFarm,clearfarm:exp2:penC2.2,2021-11-19,2021-11-19 23:59:59,1,0.8999999999999999,0.0,0.8999999999999999,medium,"policy:caution rule: environment: co2_high,nh3_high","환기량 증대, CO2/NH3 센서 재확인, 분뇨/환기 설비 점검",normal,정상 범위,온도 기준 이상 없음
environment-0278,environment,2,high,clearfarm_rule_policy,ClearFarm,clearfarm:exp2:penC3.2,2021-11-19,2021-11-19 23:59:59,1,0.8999999999999999,0.0,0.8999999999999999,medium,"policy:caution rule: environment: co2_high,nh3_high","환기량 증대, CO2/NH3 센서 재확인, 분뇨/환기 설비 점검",normal,정상 범위,온도 기준 이상 없음
environment-0279,environment,2,high,clearfarm_rule_policy,ClearFarm,clearfarm:exp2:penF2.2,2021-11-19,2021-11-19 23:59:59,1,0.8999999999999999,0.0,0.8999999999999999,medium,"policy:caution rule: environment: co2_high,nh3_high","환기량 증대, CO2/NH3 센서 재확인, 분뇨/환기 설비 점검",normal,정상 범위,온도 기준 이상 없음
environment-0280,environment,2,high,clearfarm_rule_policy,ClearFarm,clearfarm:exp2:penF3.2,2021-11-19,2021-11-19 23:59:59,1,0.8999999999999999,0.0,0.8999999999999999,medium,"policy:caution rule: environment: co2_high,nh3_high","환기량 증대, CO2/NH3 센서 재확인, 분뇨/환기 설비 점검",normal,정상 범위,온도 기준 이상 없음
environment-0281,environment,2,high,clearfarm_rule_policy,ClearFarm,clearfarm:exp2:penA2.2,2021-11-23,2021-11-23 23:59:59,1,0.8999999999999999,0.0,0.8999999999999999,medium,"policy:caution rule: environment: co2_high,nh3_high","환기량 증대, CO2/NH3 센서 재확인, 분뇨/환기 설비 점검",normal,정상 범위,온도 기준 이상 없음
environment-0282,environment,2,high,clearfarm_rule_policy,ClearFarm,clearfarm:exp2:penA3.2,2021-11-23,2021-11-23 23:59:59,1,0.8999999999999999,0.0,0.8999999999999999,medium,"policy:caution rule: environment: co2_high,nh3_high","환기량 증대, CO2/NH3 센서 재확인, 분뇨/환기 설비 점검",normal,정상 범위,온도 기준 이상 없음
environment-0283,environment,2,high,clearfarm_rule_policy,ClearFarm,clearfarm:exp2:penB2.2,2021-11-23,2021-11-23 23:59:59,1,0.8999999999999999,0.0,0.8999999999999999,medium,"policy:caution rule: environment: co2_high,nh3_high","환기량 증대, CO2/NH3 센서 재확인, 분뇨/환기 설비 점검",normal,정상 범위,온도 기준 이상 없음
environment-0284,environment,2,high,clearfarm_rule_policy,ClearFarm,clearfarm:exp2:penC3.2,2021-11-23,2021-11-23 23:59:59,1,0.8999999999999999,0.0,0.8999999999999999,medium,"policy:caution rule: environment: co2_high,nh3_high","환기량 증대, CO2/NH3 센서 재확인, 분뇨/환기 설비 점검",normal,정상 범위,온도 기준 이상 없음
environment-0285,environment,2,high,clearfarm_rule_policy,ClearFarm,clearfarm:exp2:penD3.2,2021-11-23,2021-11-23 23:59:59,1,0.8999999999999999,0.0,0.8999999999999999,medium,"policy:caution rule: environment: co2_high,nh3_high","환기량 증대, CO2/NH3 센서 재확인, 분뇨/환기 설비 점검",normal,정상 범위,온도 기준 이상 없음
environment-0286,environment,2,high,clearfarm_rule_policy,ClearFarm,clearfarm:exp2:penF2.2,2021-11-23,2021-11-23 23:59:59,1,0.8999999999999999,0.0,0.8999999999999999,medium,"policy:caution rule: environment: co2_high,nh3_high","환기량 증대, CO2/NH3 센서 재확인, 분뇨/환기 설비 점검",normal,정상 범위,온도 기준 이상 없음
environment-0287,environment,2,high,clearfarm_rule_policy,ClearFarm,clearfarm:exp2:penF3.2,2021-11-23,2021-11-23 23:59:59,1,0.8999999999999999,0.0,0.8999999999999999,medium,"policy:caution rule: environment: co2_high,nh3_high","환기량 증대, CO2/NH3 센서 재확인, 분뇨/환기 설비 점검",normal,정상 범위,온도 기준 이상 없음
environment-0288,environment,2,high,clearfarm_rule_policy,ClearFarm,clearfarm:exp2:penA2.2,2021-11-26,2021-11-26 23:59:59,1,0.8999999999999999,0.0,0.8999999999999999,medium,"policy:caution rule: environment: co2_high,nh3_high","환기량 증대, CO2/NH3 센서 재확인, 분뇨/환기 설비 점검",normal,정상 범위,온도 기준 이상 없음
environment-0289,environment,2,high,clearfarm_rule_policy,ClearFarm,clearfarm:exp2:penA3.2,2021-11-26,2021-11-26 23:59:59,1,0.8999999999999999,0.0,0.8999999999999999,medium,"policy:caution rule: environment: co2_high,nh3_high","환기량 증대, CO2/NH3 센서 재확인, 분뇨/환기 설비 점검",normal,정상 범위,온도 기준 이상 없음
environment-0290,environment,2,high,clearfarm_rule_policy,ClearFarm,clearfarm:exp2:penB2.2,2021-11-26,2021-11-26 23:59:59,1,0.8999999999999999,0.0,0.8999999999999999,medium,"policy:caution rule: environment: co2_high,nh3_high","환기량 증대, CO2/NH3 센서 재확인, 분뇨/환기 설비 점검",normal,정상 범위,온도 기준 이상 없음
environment-0291,environment,2,high,clearfarm_rule_policy,ClearFarm,clearfarm:exp2:penB3.2,2021-11-26,2021-11-26 23:59:59,1,0.8999999999999999,0.0,0.8999999999999999,medium,"policy:caution rule: environment: co2_high,nh3_high","환기량 증대, CO2/NH3 센서 재확인, 분뇨/환기 설비 점검",normal,정상 범위,온도 기준 이상 없음
environment-0292,environment,2,high,clearfarm_rule_policy,ClearFarm,clearfarm:exp2:penC2.2,2021-11-26,2021-11-26 23:59:59,1,0.8999999999999999,0.0,0.8999999999999999,medium,"policy:caution rule: environment: co2_high,nh3_high","환기량 증대, CO2/NH3 센서 재확인, 분뇨/환기 설비 점검",normal,정상 범위,온도 기준 이상 없음
environment-0293,environment,2,high,clearfarm_rule_policy,ClearFarm,clearfarm:exp2:penC3.2,2021-11-26,2021-11-26 23:59:59,1,0.8999999999999999,0.0,0.8999999999999999,medium,"policy:caution rule: environment: co2_high,nh3_high","환기량 증대, CO2/NH3 센서 재확인, 분뇨/환기 설비 점검",normal,정상 범위,온도 기준 이상 없음
environment-0294,environment,2,high,clearfarm_rule_policy,ClearFarm,clearfarm:exp2:penD2.2,2021-11-26,2021-11-26 23:59:59,1,0.8999999999999999,0.0,0.8999999999999999,medium,"policy:caution rule: environment: co2_high,nh3_high","환기량 증대, CO2/NH3 센서 재확인, 분뇨/환기 설비 점검",normal,정상 범위,온도 기준 이상 없음
environment-0295,environment,2,high,clearfarm_rule_policy,ClearFarm,clearfarm:exp2:penD3.2,2021-11-26,2021-11-26 23:59:59,1,0.8999999999999999,0.0,0.8999999999999999,medium,"policy:caution rule: environment: co2_high,nh3_high","환기량 증대, CO2/NH3 센서 재확인, 분뇨/환기 설비 점검",normal,정상 범위,온도 기준 이상 없음
environment-0296,environment,2,high,clearfarm_rule_policy,ClearFarm,clearfarm:exp2:penF2.2,2021-11-26,2021-11-26 23:59:59,1,0.8999999999999999,0.0,0.8999999999999999,medium,"policy:caution rule: environment: co2_high,nh3_high","환기량 증대, CO2/NH3 센서 재확인, 분뇨/환기 설비 점검",normal,정상 범위,온도 기준 이상 없음
environment-0297,environment,2,high,clearfarm_rule_policy,ClearFarm,clearfarm:exp2:penF3.2,2021-11-26,2021-11-26 23:59:59,1,0.8999999999999999,0.0,0.8999999999999999,medium,"policy:caution rule: environment: co2_high,nh3_high","환기량 증대, CO2/NH3 센서 재확인, 분뇨/환기 설비 점검",normal,정상 범위,온도 기준 이상 없음
environment-0298,environment,2,high,clearfarm_rule_policy,ClearFarm,clearfarm:exp2:penA2.2,2021-11-30,2021-11-30 23:59:59,1,0.8999999999999999,0.0,0.8999999999999999,medium,"policy:caution rule: environment: co2_high,nh3_high","환기량 증대, CO2/NH3 센서 재확인, 분뇨/환기 설비 점검",normal,정상 범위,온도 기준 이상 없음
environment-0299,environment,2,high,clearfarm_rule_policy,ClearFarm,clearfarm:exp2:penA3.2,2021-11-30,2021-11-30 23:59:59,1,0.8999999999999999,0.0,0.8999999999999999,medium,"policy:caution rule: environment: co2_high,nh3_high","환기량 증대, CO2/NH3 센서 재확인, 분뇨/환기 설비 점검",normal,정상 범위,온도 기준 이상 없음
environment-0300,environment,2,high,clearfarm_rule_policy,ClearFarm,clearfarm:exp2:penB2.2,2021-11-30,2021-11-30 23:59:59,1,0.8999999999999999,0.0,0.8999999999999999,medium,"policy:caution rule: environment: co2_high,nh3_high","환기량 증대, CO2/NH3 센서 재확인, 분뇨/환기 설비 점검",normal,정상 범위,온도 기준 이상 없음
environment-0301,environment,2,high,clearfarm_rule_policy,ClearFarm,clearfarm:exp2:penB3.2,2021-11-30,2021-11-30 23:59:59,1,0.8999999999999999,0.0,0.8999999999999999,medium,"policy:caution rule: environment: co2_high,nh3_high","환기량 증대, CO2/NH3 센서 재확인, 분뇨/환기 설비 점검",normal,정상 범위,온도 기준 이상 없음
environment-0302,environment,2,high,clearfarm_rule_policy,ClearFarm,clearfarm:exp2:penC2.2,2021-11-30,2021-11-30 23:59:59,1,0.8999999999999999,0.0,0.8999999999999999,medium,"policy:caution rule: environment: co2_high,nh3_high","환기량 증대, CO2/NH3 센서 재확인, 분뇨/환기 설비 점검",normal,정상 범위,온도 기준 이상 없음
environment-0303,environment,2,high,clearfarm_rule_policy,ClearFarm,clearfarm:exp2:penC3.2,2021-11-30,2021-11-30 23:59:59,1,0.8999999999999999,0.0,0.8999999999999999,medium,"policy:caution rule: environment: co2_high,nh3_high","환기량 증대, CO2/NH3 센서 재확인, 분뇨/환기 설비 점검",normal,정상 범위,온도 기준 이상 없음
environment-0304,environment,2,high,clearfarm_rule_policy,ClearFarm,clearfarm:exp2:penD2.2,2021-11-30,2021-11-30 23:59:59,1,0.8999999999999999,0.0,0.8999999999999999,medium,"policy:caution rule: environment: co2_high,nh3_high","환기량 증대, CO2/NH3 센서 재확인, 분뇨/환기 설비 점검",normal,정상 범위,온도 기준 이상 없음
environment-0305,environment,2,high,clearfarm_rule_policy,ClearFarm,clearfarm:exp2:penD3.2,2021-11-30,2021-11-30 23:59:59,1,0.8999999999999999,0.0,0.8999999999999999,medium,"policy:caution rule: environment: co2_high,nh3_high","환기량 증대, CO2/NH3 센서 재확인, 분뇨/환기 설비 점검",normal,정상 범위,온도 기준 이상 없음
environment-0306,environment,2,high,clearfarm_rule_policy,ClearFarm,clearfarm:exp2:penF2.2,2021-11-30,2021-11-30 23:59:59,1,0.8999999999999999,0.0,0.8999999999999999,medium,"policy:caution rule: environment: co2_high,nh3_high","환기량 증대, CO2/NH3 센서 재확인, 분뇨/환기 설비 점검",normal,정상 범위,온도 기준 이상 없음
environment-0307,environment,2,high,clearfarm_rule_policy,ClearFarm,clearfarm:exp2:penF3.2,2021-11-30,2021-11-30 23:59:59,1,0.8999999999999999,0.0,0.8999999999999999,medium,"policy:caution rule: environment: co2_high,nh3_high","환기량 증대, CO2/NH3 센서 재확인, 분뇨/환기 설비 점검",normal,정상 범위,온도 기준 이상 없음
environment-0308,environment,2,high,clearfarm_rule_policy,ClearFarm,clearfarm:exp2:penA2.2,2021-12-03,2021-12-03 23:59:59,1,0.8999999999999999,0.0,0.8999999999999999,medium,"policy:caution rule: environment: co2_high,nh3_high","환기량 증대, CO2/NH3 센서 재확인, 분뇨/환기 설비 점검",normal,정상 범위,온도 기준 이상 없음
environment-0309,environment,2,high,clearfarm_rule_policy,ClearFarm,clearfarm:exp2:penA3.2,2021-12-03,2021-12-03 23:59:59,1,0.8999999999999999,0.0,0.8999999999999999,medium,"policy:caution rule: environment: co2_high,nh3_high","환기량 증대, CO2/NH3 센서 재확인, 분뇨/환기 설비 점검",normal,정상 범위,온도 기준 이상 없음
environment-0310,environment,2,high,clearfarm_rule_policy,ClearFarm,clearfarm:exp2:penB2.2,2021-12-03,2021-12-03 23:59:59,1,0.8999999999999999,0.0,0.8999999999999999,medium,"policy:caution rule: environment: co2_high,nh3_high","환기량 증대, CO2/NH3 센서 재확인, 분뇨/환기 설비 점검",normal,정상 범위,온도 기준 이상 없음
environment-0311,environment,2,high,clearfarm_rule_policy,ClearFarm,clearfarm:exp2:penB3.2,2021-12-03,2021-12-03 23:59:59,1,0.8999999999999999,0.0,0.8999999999999999,medium,"policy:caution rule: environment: co2_high,nh3_high","환기량 증대, CO2/NH3 센서 재확인, 분뇨/환기 설비 점검",normal,정상 범위,온도 기준 이상 없음
environment-0312,environment,2,high,clearfarm_rule_policy,ClearFarm,clearfarm:exp2:penC2.2,2021-12-03,2021-12-03 23:59:59,1,0.8999999999999999,0.0,0.8999999999999999,medium,"policy:caution rule: environment: co2_high,nh3_high","환기량 증대, CO2/NH3 센서 재확인, 분뇨/환기 설비 점검",normal,정상 범위,온도 기준 이상 없음
environment-0313,environment,2,high,clearfarm_rule_policy,ClearFarm,clearfarm:exp2:penC3.2,2021-12-03,2021-12-03 23:59:59,1,0.8999999999999999,0.0,0.8999999999999999,medium,"policy:caution rule: environment: co2_high,nh3_high","환기량 증대, CO2/NH3 센서 재확인, 분뇨/환기 설비 점검",normal,정상 범위,온도 기준 이상 없음
environment-0314,environment,2,high,clearfarm_rule_policy,ClearFarm,clearfarm:exp2:penD3.2,2021-12-03,2021-12-03 23:59:59,1,0.8999999999999999,0.0,0.8999999999999999,medium,"policy:caution rule: environment: co2_high,nh3_high","환기량 증대, CO2/NH3 센서 재확인, 분뇨/환기 설비 점검",normal,정상 범위,온도 기준 이상 없음
environment-0315,environment,2,high,clearfarm_rule_policy,ClearFarm,clearfarm:exp2:penF2.2,2021-12-03,2021-12-03 23:59:59,1,0.8999999999999999,0.0,0.8999999999999999,medium,"policy:caution rule: environment: co2_high,nh3_high","환기량 증대, CO2/NH3 센서 재확인, 분뇨/환기 설비 점검",normal,정상 범위,온도 기준 이상 없음
environment-0316,environment,2,high,clearfarm_rule_policy,ClearFarm,clearfarm:exp2:penF3.2,2021-12-03,2021-12-03 23:59:59,1,0.8999999999999999,0.0,0.8999999999999999,medium,"policy:caution rule: environment: co2_high,nh3_high","환기량 증대, CO2/NH3 센서 재확인, 분뇨/환기 설비 점검",normal,정상 범위,온도 기준 이상 없음
environment-0317,environment,2,high,clearfarm_rule_policy,ClearFarm,clearfarm:exp3:penD2.3,2022-08-05,2022-08-05 23:59:59,1,0.8999999999999999,0.0,0.8999999999999999,medium,"policy:caution rule: environment: co2_high,nh3_high","환기량 증대, CO2/NH3 센서 재확인, 분뇨/환기 설비 점검",balanced,균형,환경 이상 기본 기준 후보
environment-0318,environment,2,high,clearfarm_rule_policy,ClearFarm,clearfarm:exp3:penD3.3,2022-08-05,2022-08-05 23:59:59,1,0.8999999999999999,0.0,0.8999999999999999,medium,"policy:caution rule: environment: co2_high,nh3_high","환기량 증대, CO2/NH3 센서 재확인, 분뇨/환기 설비 점검",balanced,균형,환경 이상 기본 기준 후보
environment-0319,environment,2,high,clearfarm_rule_policy,ClearFarm,clearfarm:exp3:penF2.3,2022-08-05,2022-08-05 23:59:59,1,0.8999999999999999,0.0,0.8999999999999999,medium,"policy:caution rule: environment: co2_high,nh3_high","환기량 증대, CO2/NH3 센서 재확인, 분뇨/환기 설비 점검",screening,선별,관찰/추세 확인 후보
environment-0320,environment,2,high,clearfarm_rule_policy,ClearFarm,clearfarm:exp3:penF3.3,2022-08-05,2022-08-05 23:59:59,1,0.8999999999999999,0.0,0.8999999999999999,medium,"policy:caution rule: environment: co2_high,nh3_high","환기량 증대, CO2/NH3 센서 재확인, 분뇨/환기 설비 점검",screening,선별,관찰/추세 확인 후보
environment-0321,environment,2,high,clearfarm_rule_policy,ClearFarm,clearfarm:exp4:penF2.4,2022-09-20,2022-09-20 23:59:59,1,0.8999999999999999,0.0,0.8999999999999999,medium,"policy:caution rule: environment: co2_high,nh3_high","환기량 증대, CO2/NH3 센서 재확인, 분뇨/환기 설비 점검",normal,정상 범위,온도 기준 이상 없음
environment-0322,environment,2,high,clearfarm_rule_policy,ClearFarm,clearfarm:exp4:penC3.4,2022-11-04,2022-11-04 23:59:59,1,0.8999999999999999,0.0,0.8999999999999999,medium,"policy:caution rule: environment: co2_high,nh3_high","환기량 증대, CO2/NH3 센서 재확인, 분뇨/환기 설비 점검",normal,정상 범위,온도 기준 이상 없음
environment-0323,environment,2,high,clearfarm_rule_policy,ClearFarm,clearfarm:exp4:penF2.4,2022-11-04,2022-11-04 23:59:59,1,0.8999999999999999,0.0,0.8999999999999999,medium,"policy:caution rule: environment: co2_high,nh3_high","환기량 증대, CO2/NH3 센서 재확인, 분뇨/환기 설비 점검",normal,정상 범위,온도 기준 이상 없음
environment-0324,environment,2,high,clearfarm_rule_policy,ClearFarm,clearfarm:exp4:penC2.4,2022-11-11,2022-11-11 23:59:59,1,0.8999999999999999,0.0,0.8999999999999999,medium,"policy:caution rule: environment: co2_high,nh3_high","환기량 증대, CO2/NH3 센서 재확인, 분뇨/환기 설비 점검",normal,정상 범위,온도 기준 이상 없음
environment-0325,environment,2,high,clearfarm_rule_policy,ClearFarm,clearfarm:exp4:penC3.4,2022-11-11,2022-11-11 23:59:59,1,0.8999999999999999,0.0,0.8999999999999999,medium,"policy:caution rule: environment: co2_high,nh3_high","환기량 증대, CO2/NH3 센서 재확인, 분뇨/환기 설비 점검",normal,정상 범위,온도 기준 이상 없음
environment-0326,environment,2,high,clearfarm_rule_policy,ClearFarm,clearfarm:exp4:penD2.4,2022-11-11,2022-11-11 23:59:59,1,0.8999999999999999,0.0,0.8999999999999999,medium,"policy:caution rule: environment: co2_high,nh3_high","환기량 증대, CO2/NH3 센서 재확인, 분뇨/환기 설비 점검",normal,정상 범위,온도 기준 이상 없음
environment-0327,environment,2,high,clearfarm_rule_policy,ClearFarm,clearfarm:exp4:penD3.4,2022-11-11,2022-11-11 23:59:59,1,0.8999999999999999,0.0,0.8999999999999999,medium,"policy:caution rule: environment: co2_high,nh3_high","환기량 증대, CO2/NH3 센서 재확인, 분뇨/환기 설비 점검",normal,정상 범위,온도 기준 이상 없음
environment-0328,environment,2,high,clearfarm_rule_policy,ClearFarm,clearfarm:exp4:penF2.4,2022-11-11,2022-11-11 23:59:59,1,0.8999999999999999,0.0,0.8999999999999999,medium,"policy:caution rule: environment: co2_high,nh3_high","환기량 증대, CO2/NH3 센서 재확인, 분뇨/환기 설비 점검",normal,정상 범위,온도 기준 이상 없음
environment-0329,environment,2,high,clearfarm_rule_policy,ClearFarm,clearfarm:exp4:penC3.4,2022-11-15,2022-11-15 23:59:59,1,0.8999999999999999,0.0,0.8999999999999999,medium,"policy:caution rule: environment: co2_high,nh3_high","환기량 증대, CO2/NH3 센서 재확인, 분뇨/환기 설비 점검",normal,정상 범위,온도 기준 이상 없음
environment-0330,environment,2,high,clearfarm_rule_policy,ClearFarm,clearfarm:exp4:penD2.4,2022-11-15,2022-11-15 23:59:59,1,0.8999999999999999,0.0,0.8999999999999999,medium,"policy:caution rule: environment: co2_high,nh3_high","환기량 증대, CO2/NH3 센서 재확인, 분뇨/환기 설비 점검",normal,정상 범위,온도 기준 이상 없음
environment-0331,environment,2,high,clearfarm_rule_policy,ClearFarm,clearfarm:exp4:penF2.4,2022-11-15,2022-11-15 23:59:59,1,0.8999999999999999,0.0,0.8999999999999999,medium,"policy:caution rule: environment: co2_high,nh3_high","환기량 증대, CO2/NH3 센서 재확인, 분뇨/환기 설비 점검",normal,정상 범위,온도 기준 이상 없음
environment-0332,environment,2,high,clearfarm_rule_policy,ClearFarm,clearfarm:exp4:penC3.4,2022-11-18,2022-11-18 23:59:59,1,0.8999999999999999,0.0,0.8999999999999999,medium,"policy:caution rule: environment: co2_high,nh3_high","환기량 증대, CO2/NH3 센서 재확인, 분뇨/환기 설비 점검",normal,정상 범위,온도 기준 이상 없음
environment-0333,environment,2,high,clearfarm_rule_policy,ClearFarm,clearfarm:exp4:penD3.4,2022-11-18,2022-11-18 23:59:59,1,0.8999999999999999,0.0,0.8999999999999999,medium,"policy:caution rule: environment: co2_high,nh3_high","환기량 증대, CO2/NH3 센서 재확인, 분뇨/환기 설비 점검",normal,정상 범위,온도 기준 이상 없음
environment-0334,environment,2,high,clearfarm_rule_policy,ClearFarm,clearfarm:exp4:penD2.4,2022-11-21,2022-11-21 23:59:59,1,0.8999999999999999,0.0,0.8999999999999999,medium,"policy:caution rule: environment: co2_high,nh3_high","환기량 증대, CO2/NH3 센서 재확인, 분뇨/환기 설비 점검",normal,정상 범위,온도 기준 이상 없음
environment-0335,environment,2,high,clearfarm_rule_policy,ClearFarm,clearfarm:exp4:penF3.4,2022-11-21,2022-11-21 23:59:59,1,0.8999999999999999,0.0,0.8999999999999999,medium,"policy:caution rule: environment: co2_high,nh3_high","환기량 증대, CO2/NH3 센서 재확인, 분뇨/환기 설비 점검",normal,정상 범위,온도 기준 이상 없음
environment-0336,environment,2,high,clearfarm_rule_policy,ClearFarm,clearfarm:exp4:penD3.4,2022-11-25,2022-11-25 23:59:59,1,0.8999999999999999,0.0,0.8999999999999999,medium,"policy:caution rule: environment: co2_high,nh3_high","환기량 증대, CO2/NH3 센서 재확인, 분뇨/환기 설비 점검",normal,정상 범위,온도 기준 이상 없음
environment-0337,environment,2,high,clearfarm_rule_policy,ClearFarm,clearfarm:exp4:penC3.4,2022-12-02,2022-12-02 23:59:59,1,0.8999999999999999,0.0,0.8999999999999999,medium,"policy:caution rule: environment: co2_high,nh3_high","환기량 증대, CO2/NH3 센서 재확인, 분뇨/환기 설비 점검",normal,정상 범위,온도 기준 이상 없음
environment-0338,environment,2,high,clearfarm_rule_policy,ClearFarm,clearfarm:exp4:penC3.4,2022-12-06,2022-12-06 23:59:59,1,0.8999999999999999,0.0,0.8999999999999999,medium,"policy:caution rule: environment: co2_high,nh3_high","환기량 증대, CO2/NH3 센서 재확인, 분뇨/환기 설비 점검",normal,정상 범위,온도 기준 이상 없음
environment-0339,environment,2,high,clearfarm_rule_policy,ClearFarm,clearfarm:exp4:penF2.4,2022-12-06,2022-12-06 23:59:59,1,0.8999999999999999,0.0,0.8999999999999999,medium,"policy:caution rule: environment: co2_high,nh3_high","환기량 증대, CO2/NH3 센서 재확인, 분뇨/환기 설비 점검",normal,정상 범위,온도 기준 이상 없음
environment-0340,environment,2,high,clearfarm_rule_policy,ClearFarm,clearfarm:exp4:penF3.4,2022-12-06,2022-12-06 23:59:59,1,0.8999999999999999,0.0,0.8999999999999999,medium,"policy:caution rule: environment: co2_high,nh3_high","환기량 증대, CO2/NH3 센서 재확인, 분뇨/환기 설비 점검",normal,정상 범위,온도 기준 이상 없음
environment-0341,environment,2,high,clearfarm_rule_policy,ClearFarm,clearfarm:exp3:penB3.3,2022-06-17,2022-06-17 23:59:59,1,0.6,0.0,0.6,medium,policy:caution rule: environment: barn_temp_high,"고온/열스트레스 가능성 확인, 냉방/환기/온습도 센서와 CCTV 상태 확인",high_confidence,고확신,CCTV/현장 확인 우선순위
environment-0342,environment,2,high,clearfarm_rule_policy,ClearFarm,clearfarm:exp3:penB2.3,2022-08-09,2022-08-09 23:59:59,1,0.6,0.0,0.6,medium,policy:caution rule: environment: barn_temp_high,"고온/열스트레스 가능성 확인, 냉방/환기/온습도 센서와 CCTV 상태 확인",high_confidence,고확신,CCTV/현장 확인 우선순위
environment-0343,environment,2,high,clearfarm_rule_policy,ClearFarm,clearfarm:exp3:penB3.3,2022-08-09,2022-08-09 23:59:59,1,0.6,0.0,0.6,medium,policy:caution rule: environment: barn_temp_high,"고온/열스트레스 가능성 확인, 냉방/환기/온습도 센서와 CCTV 상태 확인",high_confidence,고확신,CCTV/현장 확인 우선순위
environment-0344,environment,2,high,clearfarm_rule_policy,ClearFarm,clearfarm:exp3:penB2.3,2022-08-16,2022-08-16 23:59:59,1,0.6,0.0,0.6,medium,policy:caution rule: environment: barn_temp_high,"고온/열스트레스 가능성 확인, 냉방/환기/온습도 센서와 CCTV 상태 확인",high_confidence,고확신,CCTV/현장 확인 우선순위
environment-0345,environment,2,high,clearfarm_rule_policy,ClearFarm,clearfarm:exp3:penB3.3,2022-08-16,2022-08-16 23:59:59,1,0.6,0.0,0.6,medium,policy:caution rule: environment: barn_temp_high,"고온/열스트레스 가능성 확인, 냉방/환기/온습도 센서와 CCTV 상태 확인",high_confidence,고확신,CCTV/현장 확인 우선순위
environment-0346,environment,2,high,clearfarm_rule_policy,ClearFarm,clearfarm:exp3:penF2.3,2022-08-16,2022-08-16 23:59:59,1,0.6,0.0,0.6,medium,policy:caution rule: environment: barn_temp_high,"고온/열스트레스 가능성 확인, 냉방/환기/온습도 센서와 CCTV 상태 확인",high_confidence,고확신,CCTV/현장 확인 우선순위
environment-0347,environment,2,high,clearfarm_rule_policy,ClearFarm,clearfarm:exp3:penF3.3,2022-08-16,2022-08-16 23:59:59,1,0.6,0.0,0.6,medium,policy:caution rule: environment: barn_temp_high,"고온/열스트레스 가능성 확인, 냉방/환기/온습도 센서와 CCTV 상태 확인",high_confidence,고확신,CCTV/현장 확인 우선순위
environment-0348,environment,2,high,clearfarm_rule_policy,ClearFarm,clearfarm:exp2:penB2.2,2021-09-14,2021-09-14 23:59:59,1,0.3,0.0,0.3,watch,policy:observe rule: environment: co2_high,CO2 농도와 환기팬/입기구 상태 확인,normal,정상 범위,온도 기준 이상 없음
environment-0349,environment,2,high,clearfarm_rule_policy,ClearFarm,clearfarm:exp2:penB3.2,2021-09-14,2021-09-14 23:59:59,1,0.3,0.0,0.3,watch,policy:observe rule: environment: co2_high,CO2 농도와 환기팬/입기구 상태 확인,normal,정상 범위,온도 기준 이상 없음
environment-0350,environment,2,high,clearfarm_rule_policy,ClearFarm,clearfarm:exp2:penC2.2,2021-09-14,2021-09-14 23:59:59,1,0.3,0.0,0.3,watch,policy:observe rule: environment: co2_high,CO2 농도와 환기팬/입기구 상태 확인,screening,선별,관찰/추세 확인 후보
environment-0351,environment,2,high,clearfarm_rule_policy,ClearFarm,clearfarm:exp2:penC3.2,2021-09-14,2021-09-14 23:59:59,1,0.3,0.0,0.3,watch,policy:observe rule: environment: co2_high,CO2 농도와 환기팬/입기구 상태 확인,screening,선별,관찰/추세 확인 후보
environment-0352,environment,2,high,clearfarm_rule_policy,ClearFarm,clearfarm:exp2:penF2.2,2021-09-14,2021-09-14 23:59:59,1,0.3,0.0,0.3,watch,policy:observe rule: environment: co2_high,CO2 농도와 환기팬/입기구 상태 확인,screening,선별,관찰/추세 확인 후보
environment-0353,environment,2,high,clearfarm_rule_policy,ClearFarm,clearfarm:exp2:penF3.2,2021-09-14,2021-09-14 23:59:59,1,0.3,0.0,0.3,watch,policy:observe rule: environment: co2_high,CO2 농도와 환기팬/입기구 상태 확인,screening,선별,관찰/추세 확인 후보
environment-0354,environment,2,high,clearfarm_rule_policy,ClearFarm,clearfarm:exp2:penA2.2,2021-09-21,2021-09-21 23:59:59,1,0.3,0.0,0.3,watch,policy:observe rule: environment: co2_high,CO2 농도와 환기팬/입기구 상태 확인,normal,정상 범위,온도 기준 이상 없음
environment-0355,environment,2,high,clearfarm_rule_policy,ClearFarm,clearfarm:exp2:penC2.2,2021-09-21,2021-09-21 23:59:59,1,0.3,0.0,0.3,watch,policy:observe rule: environment: co2_high,CO2 농도와 환기팬/입기구 상태 확인,normal,정상 범위,온도 기준 이상 없음
environment-0356,environment,2,high,clearfarm_rule_policy,ClearFarm,clearfarm:exp2:penC3.2,2021-09-21,2021-09-21 23:59:59,1,0.3,0.0,0.3,watch,policy:observe rule: environment: co2_high,CO2 농도와 환기팬/입기구 상태 확인,normal,정상 범위,온도 기준 이상 없음
environment-0357,environment,2,high,clearfarm_rule_policy,ClearFarm,clearfarm:exp2:penD2.2,2021-09-21,2021-09-21 23:59:59,1,0.3,0.0,0.3,watch,policy:observe rule: environment: co2_high,CO2 농도와 환기팬/입기구 상태 확인,normal,정상 범위,온도 기준 이상 없음
environment-0358,environment,2,high,clearfarm_rule_policy,ClearFarm,clearfarm:exp2:penF3.2,2021-09-21,2021-09-21 23:59:59,1,0.3,0.0,0.3,watch,policy:observe rule: environment: co2_high,CO2 농도와 환기팬/입기구 상태 확인,normal,정상 범위,온도 기준 이상 없음
environment-0359,environment,2,high,clearfarm_rule_policy,ClearFarm,clearfarm:exp2:penB3.2,2021-09-24,2021-09-24 23:59:59,1,0.3,0.0,0.3,watch,policy:observe rule: environment: co2_high,CO2 농도와 환기팬/입기구 상태 확인,normal,정상 범위,온도 기준 이상 없음
environment-0360,environment,2,high,clearfarm_rule_policy,ClearFarm,clearfarm:exp2:penD3.2,2021-09-28,2021-09-28 23:59:59,1,0.3,0.0,0.3,watch,policy:observe rule: environment: co2_high,CO2 농도와 환기팬/입기구 상태 확인,normal,정상 범위,온도 기준 이상 없음
environment-0361,environment,2,high,clearfarm_rule_policy,ClearFarm,clearfarm:exp2:penF2.2,2021-09-28,2021-09-28 23:59:59,1,0.3,0.0,0.3,watch,policy:observe rule: environment: co2_high,CO2 농도와 환기팬/입기구 상태 확인,normal,정상 범위,온도 기준 이상 없음
environment-0362,environment,2,high,clearfarm_rule_policy,ClearFarm,clearfarm:exp2:penF3.2,2021-09-28,2021-09-28 23:59:59,1,0.3,0.0,0.3,watch,policy:observe rule: environment: co2_high,CO2 농도와 환기팬/입기구 상태 확인,normal,정상 범위,온도 기준 이상 없음
environment-0363,environment,2,high,clearfarm_rule_policy,ClearFarm,clearfarm:exp2:penA2.2,2021-10-01,2021-10-01 23:59:59,1,0.3,0.0,0.3,watch,policy:observe rule: environment: co2_high,CO2 농도와 환기팬/입기구 상태 확인,normal,정상 범위,온도 기준 이상 없음
environment-0364,environment,2,high,clearfarm_rule_policy,ClearFarm,clearfarm:exp2:penA3.2,2021-10-01,2021-10-01 23:59:59,1,0.3,0.0,0.3,watch,policy:observe rule: environment: co2_high,CO2 농도와 환기팬/입기구 상태 확인,normal,정상 범위,온도 기준 이상 없음
environment-0365,environment,2,high,clearfarm_rule_policy,ClearFarm,clearfarm:exp2:penB3.2,2021-10-01,2021-10-01 23:59:59,1,0.3,0.0,0.3,watch,policy:observe rule: environment: co2_high,CO2 농도와 환기팬/입기구 상태 확인,normal,정상 범위,온도 기준 이상 없음
environment-0366,environment,2,high,clearfarm_rule_policy,ClearFarm,clearfarm:exp2:penC3.2,2021-10-01,2021-10-01 23:59:59,1,0.3,0.0,0.3,watch,policy:observe rule: environment: co2_high,CO2 농도와 환기팬/입기구 상태 확인,normal,정상 범위,온도 기준 이상 없음
environment-0367,environment,2,high,clearfarm_rule_policy,ClearFarm,clearfarm:exp2:penF2.2,2021-10-01,2021-10-01 23:59:59,1,0.3,0.0,0.3,watch,policy:observe rule: environment: co2_high,CO2 농도와 환기팬/입기구 상태 확인,normal,정상 범위,온도 기준 이상 없음
environment-0368,environment,2,high,clearfarm_rule_policy,ClearFarm,clearfarm:exp2:penF3.2,2021-10-01,2021-10-01 23:59:59,1,0.3,0.0,0.3,watch,policy:observe rule: environment: co2_high,CO2 농도와 환기팬/입기구 상태 확인,normal,정상 범위,온도 기준 이상 없음
environment-0369,environment,2,high,clearfarm_rule_policy,ClearFarm,clearfarm:exp2:penA2.2,2021-10-05,2021-10-05 23:59:59,1,0.3,0.0,0.3,watch,policy:observe rule: environment: co2_high,CO2 농도와 환기팬/입기구 상태 확인,normal,정상 범위,온도 기준 이상 없음
environment-0370,environment,2,high,clearfarm_rule_policy,ClearFarm,clearfarm:exp2:penA3.2,2021-10-05,2021-10-05 23:59:59,1,0.3,0.0,0.3,watch,policy:observe rule: environment: co2_high,CO2 농도와 환기팬/입기구 상태 확인,normal,정상 범위,온도 기준 이상 없음
environment-0371,environment,2,high,clearfarm_rule_policy,ClearFarm,clearfarm:exp2:penB2.2,2021-10-05,2021-10-05 23:59:59,1,0.3,0.0,0.3,watch,policy:observe rule: environment: co2_high,CO2 농도와 환기팬/입기구 상태 확인,normal,정상 범위,온도 기준 이상 없음
environment-0372,environment,2,high,clearfarm_rule_policy,ClearFarm,clearfarm:exp2:penB2.2,2021-10-08,2021-10-08 23:59:59,1,0.3,0.0,0.3,watch,policy:observe rule: environment: co2_high,CO2 농도와 환기팬/입기구 상태 확인,normal,정상 범위,온도 기준 이상 없음
environment-0373,environment,2,high,clearfarm_rule_policy,ClearFarm,clearfarm:exp2:penB2.2,2021-10-12,2021-10-12 23:59:59,1,0.3,0.0,0.3,watch,policy:observe rule: environment: co2_high,CO2 농도와 환기팬/입기구 상태 확인,normal,정상 범위,온도 기준 이상 없음
environment-0374,environment,2,high,clearfarm_rule_policy,ClearFarm,clearfarm:exp2:penF2.2,2021-10-12,2021-10-12 23:59:59,1,0.3,0.0,0.3,watch,policy:observe rule: environment: co2_high,CO2 농도와 환기팬/입기구 상태 확인,normal,정상 범위,온도 기준 이상 없음
environment-0375,environment,2,high,clearfarm_rule_policy,ClearFarm,clearfarm:exp2:penF3.2,2021-10-12,2021-10-12 23:59:59,1,0.3,0.0,0.3,watch,policy:observe rule: environment: co2_high,CO2 농도와 환기팬/입기구 상태 확인,normal,정상 범위,온도 기준 이상 없음
environment-0376,environment,2,high,clearfarm_rule_policy,ClearFarm,clearfarm:exp2:penB2.2,2021-10-15,2021-10-15 23:59:59,1,0.3,0.0,0.3,watch,policy:observe rule: environment: co2_high,CO2 농도와 환기팬/입기구 상태 확인,normal,정상 범위,온도 기준 이상 없음
environment-0377,environment,2,high,clearfarm_rule_policy,ClearFarm,clearfarm:exp2:penB3.2,2021-10-15,2021-10-15 23:59:59,1,0.3,0.0,0.3,watch,policy:observe rule: environment: co2_high,CO2 농도와 환기팬/입기구 상태 확인,normal,정상 범위,온도 기준 이상 없음
environment-0378,environment,2,high,clearfarm_rule_policy,ClearFarm,clearfarm:exp2:penF2.2,2021-10-15,2021-10-15 23:59:59,1,0.3,0.0,0.3,watch,policy:observe rule: environment: co2_high,CO2 농도와 환기팬/입기구 상태 확인,normal,정상 범위,온도 기준 이상 없음
environment-0379,environment,2,high,clearfarm_rule_policy,ClearFarm,clearfarm:exp2:penF3.2,2021-10-15,2021-10-15 23:59:59,1,0.3,0.0,0.3,watch,policy:observe rule: environment: co2_high,CO2 농도와 환기팬/입기구 상태 확인,normal,정상 범위,온도 기준 이상 없음
environment-0380,environment,2,high,clearfarm_rule_policy,ClearFarm,clearfarm:exp2:penB2.2,2021-10-19,2021-10-19 23:59:59,1,0.3,0.0,0.3,watch,policy:observe rule: environment: co2_high,CO2 농도와 환기팬/입기구 상태 확인,normal,정상 범위,온도 기준 이상 없음
environment-0381,environment,2,high,clearfarm_rule_policy,ClearFarm,clearfarm:exp2:penC3.2,2021-10-19,2021-10-19 23:59:59,1,0.3,0.0,0.3,watch,policy:observe rule: environment: nh3_high,"NH3 농도, 분뇨 상태, 환기 상태 확인",normal,정상 범위,온도 기준 이상 없음
environment-0382,environment,2,high,clearfarm_rule_policy,ClearFarm,clearfarm:exp2:penA2.2,2021-10-22,2021-10-22 23:59:59,1,0.3,0.0,0.3,watch,policy:observe rule: environment: co2_high,CO2 농도와 환기팬/입기구 상태 확인,normal,정상 범위,온도 기준 이상 없음
environment-0383,environment,2,high,clearfarm_rule_policy,ClearFarm,clearfarm:exp2:penA2.2,2021-10-26,2021-10-26 23:59:59,1,0.3,0.0,0.3,watch,policy:observe rule: environment: nh3_high,"NH3 농도, 분뇨 상태, 환기 상태 확인",normal,정상 범위,온도 기준 이상 없음
environment-0384,environment,2,high,clearfarm_rule_policy,ClearFarm,clearfarm:exp2:penB2.2,2021-10-26,2021-10-26 23:59:59,1,0.3,0.0,0.3,watch,policy:observe rule: environment: co2_high,CO2 농도와 환기팬/입기구 상태 확인,normal,정상 범위,온도 기준 이상 없음
environment-0385,environment,2,high,clearfarm_rule_policy,ClearFarm,clearfarm:exp2:penD2.2,2021-10-26,2021-10-26 23:59:59,1,0.3,0.0,0.3,watch,policy:observe rule: environment: nh3_high,"NH3 농도, 분뇨 상태, 환기 상태 확인",normal,정상 범위,온도 기준 이상 없음
environment-0386,environment,2,high,clearfarm_rule_policy,ClearFarm,clearfarm:exp2:penC2.2,2021-10-29,2021-10-29 23:59:59,1,0.3,0.0,0.3,watch,policy:observe rule: environment: nh3_high,"NH3 농도, 분뇨 상태, 환기 상태 확인",normal,정상 범위,온도 기준 이상 없음
environment-0387,environment,2,high,clearfarm_rule_policy,ClearFarm,clearfarm:exp2:penC3.2,2021-10-29,2021-10-29 23:59:59,1,0.3,0.0,0.3,watch,policy:observe rule: environment: nh3_high,"NH3 농도, 분뇨 상태, 환기 상태 확인",normal,정상 범위,온도 기준 이상 없음
environment-0388,environment,2,high,clearfarm_rule_policy,ClearFarm,clearfarm:exp2:penD2.2,2021-10-29,2021-10-29 23:59:59,1,0.3,0.0,0.3,watch,policy:observe rule: environment: nh3_high,"NH3 농도, 분뇨 상태, 환기 상태 확인",normal,정상 범위,온도 기준 이상 없음
environment-0389,environment,2,high,clearfarm_rule_policy,ClearFarm,clearfarm:exp2:penD3.2,2021-10-29,2021-10-29 23:59:59,1,0.3,0.0,0.3,watch,policy:observe rule: environment: nh3_high,"NH3 농도, 분뇨 상태, 환기 상태 확인",normal,정상 범위,온도 기준 이상 없음
environment-0390,environment,2,high,clearfarm_rule_policy,ClearFarm,clearfarm:exp2:penA2.2,2021-11-02,2021-11-02 23:59:59,1,0.3,0.0,0.3,watch,policy:observe rule: environment: co2_high,CO2 농도와 환기팬/입기구 상태 확인,normal,정상 범위,온도 기준 이상 없음
environment-0391,environment,2,high,clearfarm_rule_policy,ClearFarm,clearfarm:exp2:penA3.2,2021-11-02,2021-11-02 23:59:59,1,0.3,0.0,0.3,watch,policy:observe rule: environment: co2_high,CO2 농도와 환기팬/입기구 상태 확인,normal,정상 범위,온도 기준 이상 없음
environment-0392,environment,2,high,clearfarm_rule_policy,ClearFarm,clearfarm:exp2:penA3.2,2021-11-05,2021-11-05 23:59:59,1,0.3,0.0,0.3,watch,policy:observe rule: environment: co2_high,CO2 농도와 환기팬/입기구 상태 확인,normal,정상 범위,온도 기준 이상 없음
environment-0393,environment,2,high,clearfarm_rule_policy,ClearFarm,clearfarm:exp2:penA2.2,2021-11-09,2021-11-09 23:59:59,1,0.3,0.0,0.3,watch,policy:observe rule: environment: co2_high,CO2 농도와 환기팬/입기구 상태 확인,normal,정상 범위,온도 기준 이상 없음
environment-0394,environment,2,high,clearfarm_rule_policy,ClearFarm,clearfarm:exp2:penA3.2,2021-11-09,2021-11-09 23:59:59,1,0.3,0.0,0.3,watch,policy:observe rule: environment: co2_high,CO2 농도와 환기팬/입기구 상태 확인,normal,정상 범위,온도 기준 이상 없음
environment-0395,environment,2,high,clearfarm_rule_policy,ClearFarm,clearfarm:exp2:penA2.2,2021-11-12,2021-11-12 23:59:59,1,0.3,0.0,0.3,watch,policy:observe rule: environment: co2_high,CO2 농도와 환기팬/입기구 상태 확인,normal,정상 범위,온도 기준 이상 없음
environment-0396,environment,2,high,clearfarm_rule_policy,ClearFarm,clearfarm:exp2:penA2.2,2021-11-19,2021-11-19 23:59:59,1,0.3,0.0,0.3,watch,policy:observe rule: environment: nh3_high,"NH3 농도, 분뇨 상태, 환기 상태 확인",normal,정상 범위,온도 기준 이상 없음
environment-0397,environment,2,high,clearfarm_rule_policy,ClearFarm,clearfarm:exp2:penA3.2,2021-11-19,2021-11-19 23:59:59,1,0.3,0.0,0.3,watch,policy:observe rule: environment: nh3_high,"NH3 농도, 분뇨 상태, 환기 상태 확인",normal,정상 범위,온도 기준 이상 없음
environment-0398,environment,2,high,clearfarm_rule_policy,ClearFarm,clearfarm:exp2:penD3.2,2021-11-19,2021-11-19 23:59:59,1,0.3,0.0,0.3,watch,policy:observe rule: environment: nh3_high,"NH3 농도, 분뇨 상태, 환기 상태 확인",normal,정상 범위,온도 기준 이상 없음
environment-0399,environment,2,high,clearfarm_rule_policy,ClearFarm,clearfarm:exp3:penF2.3,2022-05-24,2022-05-24 23:59:59,1,0.3,0.0,0.3,watch,policy:observe rule: environment: co2_high,CO2 농도와 환기팬/입기구 상태 확인,normal,정상 범위,온도 기준 이상 없음
environment-0400,environment,2,high,clearfarm_rule_policy,ClearFarm,clearfarm:exp3:penF3.3,2022-05-24,2022-05-24 23:59:59,1,0.3,0.0,0.3,watch,policy:observe rule: environment: co2_high,CO2 농도와 환기팬/입기구 상태 확인,normal,정상 범위,온도 기준 이상 없음
environment-0401,environment,2,high,clearfarm_rule_policy,ClearFarm,clearfarm:exp3:penA3.3,2022-05-27,2022-05-27 23:59:59,1,0.3,0.0,0.3,watch,policy:observe rule: environment: co2_high,CO2 농도와 환기팬/입기구 상태 확인,normal,정상 범위,온도 기준 이상 없음
environment-0402,environment,2,high,clearfarm_rule_policy,ClearFarm,clearfarm:exp3:penC3.3,2022-05-31,2022-05-31 23:59:59,1,0.3,0.0,0.3,watch,policy:observe rule: environment: co2_high,CO2 농도와 환기팬/입기구 상태 확인,normal,정상 범위,온도 기준 이상 없음
environment-0403,environment,2,high,clearfarm_rule_policy,ClearFarm,clearfarm:exp3:penD2.3,2022-05-31,2022-05-31 23:59:59,1,0.3,0.0,0.3,watch,policy:observe rule: environment: co2_high,CO2 농도와 환기팬/입기구 상태 확인,normal,정상 범위,온도 기준 이상 없음
environment-0404,environment,2,high,clearfarm_rule_policy,ClearFarm,clearfarm:exp3:penD3.3,2022-05-31,2022-05-31 23:59:59,1,0.3,0.0,0.3,watch,policy:observe rule: environment: co2_high,CO2 농도와 환기팬/입기구 상태 확인,normal,정상 범위,온도 기준 이상 없음
environment-0405,environment,2,high,clearfarm_rule_policy,ClearFarm,clearfarm:exp3:penF2.3,2022-05-31,2022-05-31 23:59:59,1,0.3,0.0,0.3,watch,policy:observe rule: environment: co2_high,CO2 농도와 환기팬/입기구 상태 확인,normal,정상 범위,온도 기준 이상 없음
environment-0406,environment,2,high,clearfarm_rule_policy,ClearFarm,clearfarm:exp3:penF2.3,2022-06-10,2022-06-10 23:59:59,1,0.3,0.0,0.3,watch,policy:observe rule: environment: co2_high,CO2 농도와 환기팬/입기구 상태 확인,normal,정상 범위,온도 기준 이상 없음
environment-0407,environment,2,high,clearfarm_rule_policy,ClearFarm,clearfarm:exp3:penA3.3,2022-06-14,2022-06-14 23:59:59,1,0.3,0.0,0.3,watch,policy:observe rule: environment: nh3_high,"NH3 농도, 분뇨 상태, 환기 상태 확인",normal,정상 범위,온도 기준 이상 없음
environment-0408,environment,2,high,clearfarm_rule_policy,ClearFarm,clearfarm:exp3:penB3.3,2022-06-14,2022-06-14 23:59:59,1,0.3,0.0,0.3,watch,policy:observe rule: environment: co2_high,CO2 농도와 환기팬/입기구 상태 확인,normal,정상 범위,온도 기준 이상 없음
environment-0409,environment,2,high,clearfarm_rule_policy,ClearFarm,clearfarm:exp3:penC2.3,2022-06-14,2022-06-14 23:59:59,1,0.3,0.0,0.3,watch,policy:observe rule: environment: nh3_high,"NH3 농도, 분뇨 상태, 환기 상태 확인",normal,정상 범위,온도 기준 이상 없음
environment-0410,environment,2,high,clearfarm_rule_policy,ClearFarm,clearfarm:exp3:penC3.3,2022-06-14,2022-06-14 23:59:59,1,0.3,0.0,0.3,watch,policy:observe rule: environment: nh3_high,"NH3 농도, 분뇨 상태, 환기 상태 확인",normal,정상 범위,온도 기준 이상 없음
environment-0411,environment,2,high,clearfarm_rule_policy,ClearFarm,clearfarm:exp3:penF2.3,2022-06-14,2022-06-14 23:59:59,1,0.3,0.0,0.3,watch,policy:observe rule: environment: co2_high,CO2 농도와 환기팬/입기구 상태 확인,normal,정상 범위,온도 기준 이상 없음
environment-0412,environment,2,high,clearfarm_rule_policy,ClearFarm,clearfarm:exp3:penF3.3,2022-06-14,2022-06-14 23:59:59,1,0.3,0.0,0.3,watch,policy:observe rule: environment: co2_high,CO2 농도와 환기팬/입기구 상태 확인,normal,정상 범위,온도 기준 이상 없음
environment-0413,environment,2,high,clearfarm_rule_policy,ClearFarm,clearfarm:exp3:penC2.3,2022-06-17,2022-06-17 23:59:59,1,0.3,0.0,0.3,watch,policy:observe rule: environment: nh3_high,"NH3 농도, 분뇨 상태, 환기 상태 확인",balanced,균형,환경 이상 기본 기준 후보
environment-0414,environment,2,high,clearfarm_rule_policy,ClearFarm,clearfarm:exp3:penC3.3,2022-06-17,2022-06-17 23:59:59,1,0.3,0.0,0.3,watch,policy:observe rule: environment: nh3_high,"NH3 농도, 분뇨 상태, 환기 상태 확인",balanced,균형,환경 이상 기본 기준 후보
environment-0415,environment,2,high,clearfarm_rule_policy,ClearFarm,clearfarm:exp3:penA2.3,2022-06-21,2022-06-21 23:59:59,1,0.3,0.0,0.3,watch,policy:observe rule: environment: nh3_high,"NH3 농도, 분뇨 상태, 환기 상태 확인",normal,정상 범위,온도 기준 이상 없음
environment-0416,environment,2,high,clearfarm_rule_policy,ClearFarm,clearfarm:exp3:penA3.3,2022-06-21,2022-06-21 23:59:59,1,0.3,0.0,0.3,watch,policy:observe rule: environment: nh3_high,"NH3 농도, 분뇨 상태, 환기 상태 확인",normal,정상 범위,온도 기준 이상 없음
environment-0417,environment,2,high,clearfarm_rule_policy,ClearFarm,clearfarm:exp3:penB2.3,2022-06-21,2022-06-21 23:59:59,1,0.3,0.0,0.3,watch,policy:observe rule: environment: nh3_high,"NH3 농도, 분뇨 상태, 환기 상태 확인",normal,정상 범위,온도 기준 이상 없음
environment-0418,environment,2,high,clearfarm_rule_policy,ClearFarm,clearfarm:exp3:penB3.3,2022-06-21,2022-06-21 23:59:59,1,0.3,0.0,0.3,watch,policy:observe rule: environment: nh3_high,"NH3 농도, 분뇨 상태, 환기 상태 확인",normal,정상 범위,온도 기준 이상 없음
environment-0419,environment,2,high,clearfarm_rule_policy,ClearFarm,clearfarm:exp3:penC2.3,2022-06-21,2022-06-21 23:59:59,1,0.3,0.0,0.3,watch,policy:observe rule: environment: nh3_high,"NH3 농도, 분뇨 상태, 환기 상태 확인",normal,정상 범위,온도 기준 이상 없음
environment-0420,environment,2,high,clearfarm_rule_policy,ClearFarm,clearfarm:exp3:penC3.3,2022-06-21,2022-06-21 23:59:59,1,0.3,0.0,0.3,watch,policy:observe rule: environment: nh3_high,"NH3 농도, 분뇨 상태, 환기 상태 확인",normal,정상 범위,온도 기준 이상 없음
environment-0421,environment,2,high,clearfarm_rule_policy,ClearFarm,clearfarm:exp3:penD3.3,2022-06-21,2022-06-21 23:59:59,1,0.3,0.0,0.3,watch,policy:observe rule: environment: nh3_high,"NH3 농도, 분뇨 상태, 환기 상태 확인",screening,선별,관찰/추세 확인 후보
environment-0422,environment,2,high,clearfarm_rule_policy,ClearFarm,clearfarm:exp3:penF2.3,2022-06-21,2022-06-21 23:59:59,1,0.3,0.0,0.3,watch,policy:observe rule: environment: nh3_high,"NH3 농도, 분뇨 상태, 환기 상태 확인",normal,정상 범위,온도 기준 이상 없음
environment-0423,environment,2,high,clearfarm_rule_policy,ClearFarm,clearfarm:exp3:penA2.3,2022-06-24,2022-06-24 23:59:59,1,0.3,0.0,0.3,watch,policy:observe rule: environment: nh3_high,"NH3 농도, 분뇨 상태, 환기 상태 확인",balanced,균형,환경 이상 기본 기준 후보
environment-0424,environment,2,high,clearfarm_rule_policy,ClearFarm,clearfarm:exp3:penB2.3,2022-06-24,2022-06-24 23:59:59,1,0.3,0.0,0.3,watch,policy:observe rule: environment: nh3_high,"NH3 농도, 분뇨 상태, 환기 상태 확인",balanced,균형,환경 이상 기본 기준 후보
environment-0425,environment,2,high,clearfarm_rule_policy,ClearFarm,clearfarm:exp3:penB3.3,2022-06-24,2022-06-24 23:59:59,1,0.3,0.0,0.3,watch,policy:observe rule: environment: nh3_high,"NH3 농도, 분뇨 상태, 환기 상태 확인",balanced,균형,환경 이상 기본 기준 후보
environment-0426,environment,2,high,clearfarm_rule_policy,ClearFarm,clearfarm:exp3:penC2.3,2022-06-24,2022-06-24 23:59:59,1,0.3,0.0,0.3,watch,policy:observe rule: environment: nh3_high,"NH3 농도, 분뇨 상태, 환기 상태 확인",balanced,균형,환경 이상 기본 기준 후보
environment-0427,environment,2,high,clearfarm_rule_policy,ClearFarm,clearfarm:exp3:penA2.3,2022-06-28,2022-06-28 23:59:59,1,0.3,0.0,0.3,watch,policy:observe rule: environment: nh3_high,"NH3 농도, 분뇨 상태, 환기 상태 확인",screening,선별,관찰/추세 확인 후보
environment-0428,environment,2,high,clearfarm_rule_policy,ClearFarm,clearfarm:exp3:penA3.3,2022-06-28,2022-06-28 23:59:59,1,0.3,0.0,0.3,watch,policy:observe rule: environment: nh3_high,"NH3 농도, 분뇨 상태, 환기 상태 확인",screening,선별,관찰/추세 확인 후보
environment-0429,environment,2,high,clearfarm_rule_policy,ClearFarm,clearfarm:exp3:penB2.3,2022-06-28,2022-06-28 23:59:59,1,0.3,0.0,0.3,watch,policy:observe rule: environment: nh3_high,"NH3 농도, 분뇨 상태, 환기 상태 확인",screening,선별,관찰/추세 확인 후보
environment-0430,environment,2,high,clearfarm_rule_policy,ClearFarm,clearfarm:exp3:penC3.3,2022-06-28,2022-06-28 23:59:59,1,0.3,0.0,0.3,watch,policy:observe rule: environment: nh3_high,"NH3 농도, 분뇨 상태, 환기 상태 확인",normal,정상 범위,온도 기준 이상 없음
environment-0431,environment,2,high,clearfarm_rule_policy,ClearFarm,clearfarm:exp3:penD2.3,2022-06-28,2022-06-28 23:59:59,1,0.3,0.0,0.3,watch,policy:observe rule: environment: nh3_high,"NH3 농도, 분뇨 상태, 환기 상태 확인",screening,선별,관찰/추세 확인 후보
environment-0432,environment,2,high,clearfarm_rule_policy,ClearFarm,clearfarm:exp3:penD3.3,2022-06-28,2022-06-28 23:59:59,1,0.3,0.0,0.3,watch,policy:observe rule: environment: nh3_high,"NH3 농도, 분뇨 상태, 환기 상태 확인",screening,선별,관찰/추세 확인 후보
environment-0433,environment,2,high,clearfarm_rule_policy,ClearFarm,clearfarm:exp3:penF2.3,2022-06-28,2022-06-28 23:59:59,1,0.3,0.0,0.3,watch,policy:observe rule: environment: nh3_high,"NH3 농도, 분뇨 상태, 환기 상태 확인",normal,정상 범위,온도 기준 이상 없음
environment-0434,environment,2,high,clearfarm_rule_policy,ClearFarm,clearfarm:exp3:penA2.3,2022-07-01,2022-07-01 23:59:59,1,0.3,0.0,0.3,watch,policy:observe rule: environment: nh3_high,"NH3 농도, 분뇨 상태, 환기 상태 확인",screening,선별,관찰/추세 확인 후보
environment-0435,environment,2,high,clearfarm_rule_policy,ClearFarm,clearfarm:exp3:penB2.3,2022-07-01,2022-07-01 23:59:59,1,0.3,0.0,0.3,watch,policy:observe rule: environment: nh3_high,"NH3 농도, 분뇨 상태, 환기 상태 확인",screening,선별,관찰/추세 확인 후보
environment-0436,environment,2,high,clearfarm_rule_policy,ClearFarm,clearfarm:exp3:penB3.3,2022-07-01,2022-07-01 23:59:59,1,0.3,0.0,0.3,watch,policy:observe rule: environment: nh3_high,"NH3 농도, 분뇨 상태, 환기 상태 확인",screening,선별,관찰/추세 확인 후보
environment-0437,environment,2,high,clearfarm_rule_policy,ClearFarm,clearfarm:exp3:penC2.3,2022-07-01,2022-07-01 23:59:59,1,0.3,0.0,0.3,watch,policy:observe rule: environment: nh3_high,"NH3 농도, 분뇨 상태, 환기 상태 확인",screening,선별,관찰/추세 확인 후보
environment-0438,environment,2,high,clearfarm_rule_policy,ClearFarm,clearfarm:exp3:penD2.3,2022-07-01,2022-07-01 23:59:59,1,0.3,0.0,0.3,watch,policy:observe rule: environment: nh3_high,"NH3 농도, 분뇨 상태, 환기 상태 확인",balanced,균형,환경 이상 기본 기준 후보
environment-0439,environment,2,high,clearfarm_rule_policy,ClearFarm,clearfarm:exp3:penD3.3,2022-07-01,2022-07-01 23:59:59,1,0.3,0.0,0.3,watch,policy:observe rule: environment: nh3_high,"NH3 농도, 분뇨 상태, 환기 상태 확인",balanced,균형,환경 이상 기본 기준 후보
environment-0440,environment,2,high,clearfarm_rule_policy,ClearFarm,clearfarm:exp3:penA2.3,2022-07-05,2022-07-05 23:59:59,1,0.3,0.0,0.3,watch,policy:observe rule: environment: nh3_high,"NH3 농도, 분뇨 상태, 환기 상태 확인",normal,정상 범위,온도 기준 이상 없음
environment-0441,environment,2,high,clearfarm_rule_policy,ClearFarm,clearfarm:exp3:penA3.3,2022-07-05,2022-07-05 23:59:59,1,0.3,0.0,0.3,watch,policy:observe rule: environment: nh3_high,"NH3 농도, 분뇨 상태, 환기 상태 확인",normal,정상 범위,온도 기준 이상 없음
environment-0442,environment,2,high,clearfarm_rule_policy,ClearFarm,clearfarm:exp3:penB2.3,2022-07-05,2022-07-05 23:59:59,1,0.3,0.0,0.3,watch,policy:observe rule: environment: nh3_high,"NH3 농도, 분뇨 상태, 환기 상태 확인",normal,정상 범위,온도 기준 이상 없음
environment-0443,environment,2,high,clearfarm_rule_policy,ClearFarm,clearfarm:exp3:penB3.3,2022-07-05,2022-07-05 23:59:59,1,0.3,0.0,0.3,watch,policy:observe rule: environment: nh3_high,"NH3 농도, 분뇨 상태, 환기 상태 확인",normal,정상 범위,온도 기준 이상 없음
environment-0444,environment,2,high,clearfarm_rule_policy,ClearFarm,clearfarm:exp3:penC2.3,2022-07-05,2022-07-05 23:59:59,1,0.3,0.0,0.3,watch,policy:observe rule: environment: nh3_high,"NH3 농도, 분뇨 상태, 환기 상태 확인",normal,정상 범위,온도 기준 이상 없음
environment-0445,environment,2,high,clearfarm_rule_policy,ClearFarm,clearfarm:exp3:penD2.3,2022-07-05,2022-07-05 23:59:59,1,0.3,0.0,0.3,watch,policy:observe rule: environment: nh3_high,"NH3 농도, 분뇨 상태, 환기 상태 확인",screening,선별,관찰/추세 확인 후보
environment-0446,environment,2,high,clearfarm_rule_policy,ClearFarm,clearfarm:exp3:penD3.3,2022-07-05,2022-07-05 23:59:59,1,0.3,0.0,0.3,watch,policy:observe rule: environment: nh3_high,"NH3 농도, 분뇨 상태, 환기 상태 확인",screening,선별,관찰/추세 확인 후보
environment-0447,environment,2,high,clearfarm_rule_policy,ClearFarm,clearfarm:exp3:penF2.3,2022-07-05,2022-07-05 23:59:59,1,0.3,0.0,0.3,watch,policy:observe rule: environment: nh3_high,"NH3 농도, 분뇨 상태, 환기 상태 확인",normal,정상 범위,온도 기준 이상 없음
environment-0448,environment,2,high,clearfarm_rule_policy,ClearFarm,clearfarm:exp3:penB2.3,2022-07-08,2022-07-08 23:59:59,1,0.3,0.0,0.3,watch,policy:observe rule: environment: nh3_high,"NH3 농도, 분뇨 상태, 환기 상태 확인",normal,정상 범위,온도 기준 이상 없음
environment-0449,environment,2,high,clearfarm_rule_policy,ClearFarm,clearfarm:exp3:penC2.3,2022-07-08,2022-07-08 23:59:59,1,0.3,0.0,0.3,watch,policy:observe rule: environment: nh3_high,"NH3 농도, 분뇨 상태, 환기 상태 확인",normal,정상 범위,온도 기준 이상 없음
environment-0450,environment,2,high,clearfarm_rule_policy,ClearFarm,clearfarm:exp3:penD2.3,2022-07-08,2022-07-08 23:59:59,1,0.3,0.0,0.3,watch,policy:observe rule: environment: nh3_high,"NH3 농도, 분뇨 상태, 환기 상태 확인",screening,선별,관찰/추세 확인 후보
environment-0451,environment,2,high,clearfarm_rule_policy,ClearFarm,clearfarm:exp3:penD3.3,2022-07-08,2022-07-08 23:59:59,1,0.3,0.0,0.3,watch,policy:observe rule: environment: nh3_high,"NH3 농도, 분뇨 상태, 환기 상태 확인",screening,선별,관찰/추세 확인 후보
environment-0452,environment,2,high,clearfarm_rule_policy,ClearFarm,clearfarm:exp3:penF2.3,2022-07-08,2022-07-08 23:59:59,1,0.3,0.0,0.3,watch,policy:observe rule: environment: nh3_high,"NH3 농도, 분뇨 상태, 환기 상태 확인",normal,정상 범위,온도 기준 이상 없음
environment-0453,environment,2,high,clearfarm_rule_policy,ClearFarm,clearfarm:exp3:penB2.3,2022-07-12,2022-07-12 23:59:59,1,0.3,0.0,0.3,watch,policy:observe rule: environment: nh3_high,"NH3 농도, 분뇨 상태, 환기 상태 확인",balanced,균형,환경 이상 기본 기준 후보
environment-0454,environment,2,high,clearfarm_rule_policy,ClearFarm,clearfarm:exp3:penB3.3,2022-07-12,2022-07-12 23:59:59,1,0.3,0.0,0.3,watch,policy:observe rule: environment: nh3_high,"NH3 농도, 분뇨 상태, 환기 상태 확인",balanced,균형,환경 이상 기본 기준 후보
environment-0455,environment,2,high,clearfarm_rule_policy,ClearFarm,clearfarm:exp3:penC2.3,2022-07-12,2022-07-12 23:59:59,1,0.3,0.0,0.3,watch,policy:observe rule: environment: nh3_high,"NH3 농도, 분뇨 상태, 환기 상태 확인",balanced,균형,환경 이상 기본 기준 후보
environment-0456,environment,2,high,clearfarm_rule_policy,ClearFarm,clearfarm:exp3:penC3.3,2022-07-12,2022-07-12 23:59:59,1,0.3,0.0,0.3,watch,policy:observe rule: environment: nh3_high,"NH3 농도, 분뇨 상태, 환기 상태 확인",balanced,균형,환경 이상 기본 기준 후보
environment-0457,environment,2,high,clearfarm_rule_policy,ClearFarm,clearfarm:exp3:penD3.3,2022-07-12,2022-07-12 23:59:59,1,0.3,0.0,0.3,watch,policy:observe rule: environment: nh3_high,"NH3 농도, 분뇨 상태, 환기 상태 확인",balanced,균형,환경 이상 기본 기준 후보
environment-0458,environment,2,high,clearfarm_rule_policy,ClearFarm,clearfarm:exp3:penF2.3,2022-07-12,2022-07-12 23:59:59,1,0.3,0.0,0.3,watch,policy:observe rule: environment: nh3_high,"NH3 농도, 분뇨 상태, 환기 상태 확인",screening,선별,관찰/추세 확인 후보
environment-0459,environment,2,high,clearfarm_rule_policy,ClearFarm,clearfarm:exp3:penA2.3,2022-07-15,2022-07-15 23:59:59,1,0.3,0.0,0.3,watch,policy:observe rule: environment: nh3_high,"NH3 농도, 분뇨 상태, 환기 상태 확인",normal,정상 범위,온도 기준 이상 없음
environment-0460,environment,2,high,clearfarm_rule_policy,ClearFarm,clearfarm:exp3:penA3.3,2022-07-15,2022-07-15 23:59:59,1,0.3,0.0,0.3,watch,policy:observe rule: environment: nh3_high,"NH3 농도, 분뇨 상태, 환기 상태 확인",normal,정상 범위,온도 기준 이상 없음
environment-0461,environment,2,high,clearfarm_rule_policy,ClearFarm,clearfarm:exp3:penB2.3,2022-07-15,2022-07-15 23:59:59,1,0.3,0.0,0.3,watch,policy:observe rule: environment: nh3_high,"NH3 농도, 분뇨 상태, 환기 상태 확인",normal,정상 범위,온도 기준 이상 없음
environment-0462,environment,2,high,clearfarm_rule_policy,ClearFarm,clearfarm:exp3:penB3.3,2022-07-15,2022-07-15 23:59:59,1,0.3,0.0,0.3,watch,policy:observe rule: environment: nh3_high,"NH3 농도, 분뇨 상태, 환기 상태 확인",normal,정상 범위,온도 기준 이상 없음
environment-0463,environment,2,high,clearfarm_rule_policy,ClearFarm,clearfarm:exp3:penC2.3,2022-07-15,2022-07-15 23:59:59,1,0.3,0.0,0.3,watch,policy:observe rule: environment: nh3_high,"NH3 농도, 분뇨 상태, 환기 상태 확인",normal,정상 범위,온도 기준 이상 없음
environment-0464,environment,2,high,clearfarm_rule_policy,ClearFarm,clearfarm:exp3:penC3.3,2022-07-15,2022-07-15 23:59:59,1,0.3,0.0,0.3,watch,policy:observe rule: environment: nh3_high,"NH3 농도, 분뇨 상태, 환기 상태 확인",normal,정상 범위,온도 기준 이상 없음
environment-0465,environment,2,high,clearfarm_rule_policy,ClearFarm,clearfarm:exp3:penD2.3,2022-07-15,2022-07-15 23:59:59,1,0.3,0.0,0.3,watch,policy:observe rule: environment: nh3_high,"NH3 농도, 분뇨 상태, 환기 상태 확인",normal,정상 범위,온도 기준 이상 없음
environment-0466,environment,2,high,clearfarm_rule_policy,ClearFarm,clearfarm:exp3:penD3.3,2022-07-15,2022-07-15 23:59:59,1,0.3,0.0,0.3,watch,policy:observe rule: environment: nh3_high,"NH3 농도, 분뇨 상태, 환기 상태 확인",normal,정상 범위,온도 기준 이상 없음
environment-0467,environment,2,high,clearfarm_rule_policy,ClearFarm,clearfarm:exp3:penF2.3,2022-07-15,2022-07-15 23:59:59,1,0.3,0.0,0.3,watch,policy:observe rule: environment: nh3_high,"NH3 농도, 분뇨 상태, 환기 상태 확인",normal,정상 범위,온도 기준 이상 없음
environment-0468,environment,2,high,clearfarm_rule_policy,ClearFarm,clearfarm:exp3:penF3.3,2022-07-15,2022-07-15 23:59:59,1,0.3,0.0,0.3,watch,policy:observe rule: environment: nh3_high,"NH3 농도, 분뇨 상태, 환기 상태 확인",normal,정상 범위,온도 기준 이상 없음
environment-0469,environment,2,high,clearfarm_rule_policy,ClearFarm,clearfarm:exp3:penA2.3,2022-07-22,2022-07-22 23:59:59,1,0.3,0.0,0.3,watch,policy:observe rule: environment: nh3_high,"NH3 농도, 분뇨 상태, 환기 상태 확인",screening,선별,관찰/추세 확인 후보
environment-0470,environment,2,high,clearfarm_rule_policy,ClearFarm,clearfarm:exp3:penA3.3,2022-07-22,2022-07-22 23:59:59,1,0.3,0.0,0.3,watch,policy:observe rule: environment: nh3_high,"NH3 농도, 분뇨 상태, 환기 상태 확인",screening,선별,관찰/추세 확인 후보
environment-0471,environment,2,high,clearfarm_rule_policy,ClearFarm,clearfarm:exp3:penB2.3,2022-07-22,2022-07-22 23:59:59,1,0.3,0.0,0.3,watch,policy:observe rule: environment: nh3_high,"NH3 농도, 분뇨 상태, 환기 상태 확인",screening,선별,관찰/추세 확인 후보
environment-0472,environment,2,high,clearfarm_rule_policy,ClearFarm,clearfarm:exp3:penB3.3,2022-07-22,2022-07-22 23:59:59,1,0.3,0.0,0.3,watch,policy:observe rule: environment: nh3_high,"NH3 농도, 분뇨 상태, 환기 상태 확인",screening,선별,관찰/추세 확인 후보
environment-0473,environment,2,high,clearfarm_rule_policy,ClearFarm,clearfarm:exp3:penC2.3,2022-07-22,2022-07-22 23:59:59,1,0.3,0.0,0.3,watch,policy:observe rule: environment: nh3_high,"NH3 농도, 분뇨 상태, 환기 상태 확인",screening,선별,관찰/추세 확인 후보
environment-0474,environment,2,high,clearfarm_rule_policy,ClearFarm,clearfarm:exp3:penD2.3,2022-07-22,2022-07-22 23:59:59,1,0.3,0.0,0.3,watch,policy:observe rule: environment: nh3_high,"NH3 농도, 분뇨 상태, 환기 상태 확인",screening,선별,관찰/추세 확인 후보
environment-0475,environment,2,high,clearfarm_rule_policy,ClearFarm,clearfarm:exp3:penD3.3,2022-07-22,2022-07-22 23:59:59,1,0.3,0.0,0.3,watch,policy:observe rule: environment: nh3_high,"NH3 농도, 분뇨 상태, 환기 상태 확인",screening,선별,관찰/추세 확인 후보
environment-0476,environment,2,high,clearfarm_rule_policy,ClearFarm,clearfarm:exp3:penF2.3,2022-07-22,2022-07-22 23:59:59,1,0.3,0.0,0.3,watch,policy:observe rule: environment: nh3_high,"NH3 농도, 분뇨 상태, 환기 상태 확인",screening,선별,관찰/추세 확인 후보
environment-0477,environment,2,high,clearfarm_rule_policy,ClearFarm,clearfarm:exp3:penF3.3,2022-07-22,2022-07-22 23:59:59,1,0.3,0.0,0.3,watch,policy:observe rule: environment: nh3_high,"NH3 농도, 분뇨 상태, 환기 상태 확인",screening,선별,관찰/추세 확인 후보
environment-0478,environment,2,high,clearfarm_rule_policy,ClearFarm,clearfarm:exp3:penA2.3,2022-07-26,2022-07-26 23:59:59,1,0.3,0.0,0.3,watch,policy:observe rule: environment: nh3_high,"NH3 농도, 분뇨 상태, 환기 상태 확인",screening,선별,관찰/추세 확인 후보
environment-0479,environment,2,high,clearfarm_rule_policy,ClearFarm,clearfarm:exp3:penA3.3,2022-07-26,2022-07-26 23:59:59,1,0.3,0.0,0.3,watch,policy:observe rule: environment: nh3_high,"NH3 농도, 분뇨 상태, 환기 상태 확인",screening,선별,관찰/추세 확인 후보
environment-0480,environment,2,high,clearfarm_rule_policy,ClearFarm,clearfarm:exp3:penB2.3,2022-07-26,2022-07-26 23:59:59,1,0.3,0.0,0.3,watch,policy:observe rule: environment: nh3_high,"NH3 농도, 분뇨 상태, 환기 상태 확인",screening,선별,관찰/추세 확인 후보
environment-0481,environment,2,high,clearfarm_rule_policy,ClearFarm,clearfarm:exp3:penB3.3,2022-07-26,2022-07-26 23:59:59,1,0.3,0.0,0.3,watch,policy:observe rule: environment: nh3_high,"NH3 농도, 분뇨 상태, 환기 상태 확인",screening,선별,관찰/추세 확인 후보
environment-0482,environment,2,high,clearfarm_rule_policy,ClearFarm,clearfarm:exp3:penC2.3,2022-07-26,2022-07-26 23:59:59,1,0.3,0.0,0.3,watch,policy:observe rule: environment: nh3_high,"NH3 농도, 분뇨 상태, 환기 상태 확인",screening,선별,관찰/추세 확인 후보
environment-0483,environment,2,high,clearfarm_rule_policy,ClearFarm,clearfarm:exp3:penC3.3,2022-07-26,2022-07-26 23:59:59,1,0.3,0.0,0.3,watch,policy:observe rule: environment: nh3_high,"NH3 농도, 분뇨 상태, 환기 상태 확인",screening,선별,관찰/추세 확인 후보
environment-0484,environment,2,high,clearfarm_rule_policy,ClearFarm,clearfarm:exp3:penD2.3,2022-07-26,2022-07-26 23:59:59,1,0.3,0.0,0.3,watch,policy:observe rule: environment: nh3_high,"NH3 농도, 분뇨 상태, 환기 상태 확인",screening,선별,관찰/추세 확인 후보
environment-0485,environment,2,high,clearfarm_rule_policy,ClearFarm,clearfarm:exp3:penD3.3,2022-07-26,2022-07-26 23:59:59,1,0.3,0.0,0.3,watch,policy:observe rule: environment: nh3_high,"NH3 농도, 분뇨 상태, 환기 상태 확인",screening,선별,관찰/추세 확인 후보
environment-0486,environment,2,high,clearfarm_rule_policy,ClearFarm,clearfarm:exp3:penF2.3,2022-07-26,2022-07-26 23:59:59,1,0.3,0.0,0.3,watch,policy:observe rule: environment: nh3_high,"NH3 농도, 분뇨 상태, 환기 상태 확인",screening,선별,관찰/추세 확인 후보
environment-0487,environment,2,high,clearfarm_rule_policy,ClearFarm,clearfarm:exp3:penF3.3,2022-07-26,2022-07-26 23:59:59,1,0.3,0.0,0.3,watch,policy:observe rule: environment: nh3_high,"NH3 농도, 분뇨 상태, 환기 상태 확인",screening,선별,관찰/추세 확인 후보
environment-0488,environment,2,high,clearfarm_rule_policy,ClearFarm,clearfarm:exp3:penB2.3,2022-07-29,2022-07-29 23:59:59,1,0.3,0.0,0.3,watch,policy:observe rule: environment: nh3_high,"NH3 농도, 분뇨 상태, 환기 상태 확인",screening,선별,관찰/추세 확인 후보
environment-0489,environment,2,high,clearfarm_rule_policy,ClearFarm,clearfarm:exp3:penB3.3,2022-07-29,2022-07-29 23:59:59,1,0.3,0.0,0.3,watch,policy:observe rule: environment: nh3_high,"NH3 농도, 분뇨 상태, 환기 상태 확인",screening,선별,관찰/추세 확인 후보
environment-0490,environment,2,high,clearfarm_rule_policy,ClearFarm,clearfarm:exp3:penD2.3,2022-07-29,2022-07-29 23:59:59,1,0.3,0.0,0.3,watch,policy:observe rule: environment: nh3_high,"NH3 농도, 분뇨 상태, 환기 상태 확인",screening,선별,관찰/추세 확인 후보
environment-0491,environment,2,high,clearfarm_rule_policy,ClearFarm,clearfarm:exp3:penF2.3,2022-07-29,2022-07-29 23:59:59,1,0.3,0.0,0.3,watch,policy:observe rule: environment: nh3_high,"NH3 농도, 분뇨 상태, 환기 상태 확인",normal,정상 범위,온도 기준 이상 없음
environment-0492,environment,2,high,clearfarm_rule_policy,ClearFarm,clearfarm:exp3:penF3.3,2022-07-29,2022-07-29 23:59:59,1,0.3,0.0,0.3,watch,policy:observe rule: environment: nh3_high,"NH3 농도, 분뇨 상태, 환기 상태 확인",normal,정상 범위,온도 기준 이상 없음
environment-0493,environment,2,high,clearfarm_rule_policy,ClearFarm,clearfarm:exp3:penC3.3,2022-08-02,2022-08-02 23:59:59,1,0.3,0.0,0.3,watch,policy:observe rule: environment: nh3_high,"NH3 농도, 분뇨 상태, 환기 상태 확인",balanced,균형,환경 이상 기본 기준 후보
environment-0494,environment,2,high,clearfarm_rule_policy,ClearFarm,clearfarm:exp3:penF2.3,2022-08-02,2022-08-02 23:59:59,1,0.3,0.0,0.3,watch,policy:observe rule: environment: nh3_high,"NH3 농도, 분뇨 상태, 환기 상태 확인",balanced,균형,환경 이상 기본 기준 후보
environment-0495,environment,2,high,clearfarm_rule_policy,ClearFarm,clearfarm:exp3:penF3.3,2022-08-02,2022-08-02 23:59:59,1,0.3,0.0,0.3,watch,policy:observe rule: environment: nh3_high,"NH3 농도, 분뇨 상태, 환기 상태 확인",balanced,균형,환경 이상 기본 기준 후보
environment-0496,environment,2,high,clearfarm_rule_policy,ClearFarm,clearfarm:exp3:penA2.3,2022-08-05,2022-08-05 23:59:59,1,0.3,0.0,0.3,watch,policy:observe rule: environment: nh3_high,"NH3 농도, 분뇨 상태, 환기 상태 확인",screening,선별,관찰/추세 확인 후보
environment-0497,environment,2,high,clearfarm_rule_policy,ClearFarm,clearfarm:exp3:penA3.3,2022-08-05,2022-08-05 23:59:59,1,0.3,0.0,0.3,watch,policy:observe rule: environment: nh3_high,"NH3 농도, 분뇨 상태, 환기 상태 확인",screening,선별,관찰/추세 확인 후보
environment-0498,environment,2,high,clearfarm_rule_policy,ClearFarm,clearfarm:exp3:penB2.3,2022-08-05,2022-08-05 23:59:59,1,0.3,0.0,0.3,watch,policy:observe rule: environment: nh3_high,"NH3 농도, 분뇨 상태, 환기 상태 확인",screening,선별,관찰/추세 확인 후보
environment-0499,environment,2,high,clearfarm_rule_policy,ClearFarm,clearfarm:exp3:penB3.3,2022-08-05,2022-08-05 23:59:59,1,0.3,0.0,0.3,watch,policy:observe rule: environment: nh3_high,"NH3 농도, 분뇨 상태, 환기 상태 확인",screening,선별,관찰/추세 확인 후보
environment-0500,environment,2,high,clearfarm_rule_policy,ClearFarm,clearfarm:exp3:penC2.3,2022-08-05,2022-08-05 23:59:59,1,0.3,0.0,0.3,watch,policy:observe rule: environment: nh3_high,"NH3 농도, 분뇨 상태, 환기 상태 확인",screening,선별,관찰/추세 확인 후보
environment-0501,environment,2,high,clearfarm_rule_policy,ClearFarm,clearfarm:exp3:penC3.3,2022-08-05,2022-08-05 23:59:59,1,0.3,0.0,0.3,watch,policy:observe rule: environment: nh3_high,"NH3 농도, 분뇨 상태, 환기 상태 확인",screening,선별,관찰/추세 확인 후보
environment-0502,environment,2,high,clearfarm_rule_policy,ClearFarm,clearfarm:exp3:penA2.3,2022-08-09,2022-08-09 23:59:59,1,0.3,0.0,0.3,watch,policy:observe rule: environment: nh3_high,"NH3 농도, 분뇨 상태, 환기 상태 확인",balanced,균형,환경 이상 기본 기준 후보
environment-0503,environment,2,high,clearfarm_rule_policy,ClearFarm,clearfarm:exp3:penA3.3,2022-08-09,2022-08-09 23:59:59,1,0.3,0.0,0.3,watch,policy:observe rule: environment: nh3_high,"NH3 농도, 분뇨 상태, 환기 상태 확인",balanced,균형,환경 이상 기본 기준 후보
environment-0504,environment,2,high,clearfarm_rule_policy,ClearFarm,clearfarm:exp3:penC2.3,2022-08-09,2022-08-09 23:59:59,1,0.3,0.0,0.3,watch,policy:observe rule: environment: nh3_high,"NH3 농도, 분뇨 상태, 환기 상태 확인",balanced,균형,환경 이상 기본 기준 후보
environment-0505,environment,2,high,clearfarm_rule_policy,ClearFarm,clearfarm:exp3:penD2.3,2022-08-09,2022-08-09 23:59:59,1,0.3,0.0,0.3,watch,policy:observe rule: environment: nh3_high,"NH3 농도, 분뇨 상태, 환기 상태 확인",balanced,균형,환경 이상 기본 기준 후보
environment-0506,environment,2,high,clearfarm_rule_policy,ClearFarm,clearfarm:exp3:penD3.3,2022-08-09,2022-08-09 23:59:59,1,0.3,0.0,0.3,watch,policy:observe rule: environment: nh3_high,"NH3 농도, 분뇨 상태, 환기 상태 확인",balanced,균형,환경 이상 기본 기준 후보
environment-0507,environment,2,high,clearfarm_rule_policy,ClearFarm,clearfarm:exp3:penA2.3,2022-08-19,2022-08-19 23:59:59,1,0.3,0.0,0.3,watch,policy:observe rule: environment: nh3_high,"NH3 농도, 분뇨 상태, 환기 상태 확인",balanced,균형,환경 이상 기본 기준 후보
environment-0508,environment,2,high,clearfarm_rule_policy,ClearFarm,clearfarm:exp3:penA3.3,2022-08-19,2022-08-19 23:59:59,1,0.3,0.0,0.3,watch,policy:observe rule: environment: nh3_high,"NH3 농도, 분뇨 상태, 환기 상태 확인",balanced,균형,환경 이상 기본 기준 후보
environment-0509,environment,2,high,clearfarm_rule_policy,ClearFarm,clearfarm:exp3:penD2.3,2022-08-19,2022-08-19 23:59:59,1,0.3,0.0,0.3,watch,policy:observe rule: environment: nh3_high,"NH3 농도, 분뇨 상태, 환기 상태 확인",balanced,균형,환경 이상 기본 기준 후보
environment-0510,environment,2,high,clearfarm_rule_policy,ClearFarm,clearfarm:exp3:penD3.3,2022-08-19,2022-08-19 23:59:59,1,0.3,0.0,0.3,watch,policy:observe rule: environment: nh3_high,"NH3 농도, 분뇨 상태, 환기 상태 확인",balanced,균형,환경 이상 기본 기준 후보
environment-0511,environment,2,high,clearfarm_rule_policy,ClearFarm,clearfarm:exp3:penF2.3,2022-08-19,2022-08-19 23:59:59,1,0.3,0.0,0.3,watch,policy:observe rule: environment: nh3_high,"NH3 농도, 분뇨 상태, 환기 상태 확인",balanced,균형,환경 이상 기본 기준 후보
environment-0512,environment,2,high,clearfarm_rule_policy,ClearFarm,clearfarm:exp3:penF3.3,2022-08-19,2022-08-19 23:59:59,1,0.3,0.0,0.3,watch,policy:observe rule: environment: nh3_high,"NH3 농도, 분뇨 상태, 환기 상태 확인",balanced,균형,환경 이상 기본 기준 후보
environment-0513,environment,2,high,clearfarm_rule_policy,ClearFarm,clearfarm:exp4:penA2.4,2022-09-17,2022-09-17 23:59:59,1,0.3,0.0,0.3,watch,policy:observe rule: environment: nh3_high,"NH3 농도, 분뇨 상태, 환기 상태 확인",normal,정상 범위,온도 기준 이상 없음
environment-0514,environment,2,high,clearfarm_rule_policy,ClearFarm,clearfarm:exp4:penA3.4,2022-09-17,2022-09-17 23:59:59,1,0.3,0.0,0.3,watch,policy:observe rule: environment: nh3_high,"NH3 농도, 분뇨 상태, 환기 상태 확인",normal,정상 범위,온도 기준 이상 없음
environment-0515,environment,2,high,clearfarm_rule_policy,ClearFarm,clearfarm:exp4:penB2.4,2022-09-17,2022-09-17 23:59:59,1,0.3,0.0,0.3,watch,policy:observe rule: environment: co2_high,CO2 농도와 환기팬/입기구 상태 확인,normal,정상 범위,온도 기준 이상 없음
environment-0516,environment,2,high,clearfarm_rule_policy,ClearFarm,clearfarm:exp4:penB3.4,2022-09-17,2022-09-17 23:59:59,1,0.3,0.0,0.3,watch,policy:observe rule: environment: co2_high,CO2 농도와 환기팬/입기구 상태 확인,normal,정상 범위,온도 기준 이상 없음
environment-0517,environment,2,high,clearfarm_rule_policy,ClearFarm,clearfarm:exp4:penC2.4,2022-09-17,2022-09-17 23:59:59,1,0.3,0.0,0.3,watch,policy:observe rule: environment: co2_high,CO2 농도와 환기팬/입기구 상태 확인,normal,정상 범위,온도 기준 이상 없음
environment-0518,environment,2,high,clearfarm_rule_policy,ClearFarm,clearfarm:exp4:penB2.4,2022-09-20,2022-09-20 23:59:59,1,0.3,0.0,0.3,watch,policy:observe rule: environment: co2_high,CO2 농도와 환기팬/입기구 상태 확인,normal,정상 범위,온도 기준 이상 없음
environment-0519,environment,2,high,clearfarm_rule_policy,ClearFarm,clearfarm:exp4:penB3.4,2022-09-20,2022-09-20 23:59:59,1,0.3,0.0,0.3,watch,policy:observe rule: environment: co2_high,CO2 농도와 환기팬/입기구 상태 확인,normal,정상 범위,온도 기준 이상 없음
environment-0520,environment,2,high,clearfarm_rule_policy,ClearFarm,clearfarm:exp4:penD2.4,2022-09-20,2022-09-20 23:59:59,1,0.3,0.0,0.3,watch,policy:observe rule: environment: co2_high,CO2 농도와 환기팬/입기구 상태 확인,normal,정상 범위,온도 기준 이상 없음
environment-0521,environment,2,high,clearfarm_rule_policy,ClearFarm,clearfarm:exp4:penB3.4,2022-09-23,2022-09-23 23:59:59,1,0.3,0.0,0.3,watch,policy:observe rule: environment: co2_high,CO2 농도와 환기팬/입기구 상태 확인,normal,정상 범위,온도 기준 이상 없음
environment-0522,environment,2,high,clearfarm_rule_policy,ClearFarm,clearfarm:exp4:penD3.4,2022-09-23,2022-09-23 23:59:59,1,0.3,0.0,0.3,watch,policy:observe rule: environment: co2_high,CO2 농도와 환기팬/입기구 상태 확인,normal,정상 범위,온도 기준 이상 없음
environment-0523,environment,2,high,clearfarm_rule_policy,ClearFarm,clearfarm:exp4:penF2.4,2022-09-23,2022-09-23 23:59:59,1,0.3,0.0,0.3,watch,policy:observe rule: environment: co2_high,CO2 농도와 환기팬/입기구 상태 확인,normal,정상 범위,온도 기준 이상 없음
environment-0524,environment,2,high,clearfarm_rule_policy,ClearFarm,clearfarm:exp4:penF3.4,2022-09-23,2022-09-23 23:59:59,1,0.3,0.0,0.3,watch,policy:observe rule: environment: co2_high,CO2 농도와 환기팬/입기구 상태 확인,normal,정상 범위,온도 기준 이상 없음
environment-0525,environment,2,high,clearfarm_rule_policy,ClearFarm,clearfarm:exp4:penB3.4,2022-09-27,2022-09-27 23:59:59,1,0.3,0.0,0.3,watch,policy:observe rule: environment: co2_high,CO2 농도와 환기팬/입기구 상태 확인,normal,정상 범위,온도 기준 이상 없음
environment-0526,environment,2,high,clearfarm_rule_policy,ClearFarm,clearfarm:exp4:penD2.4,2022-09-27,2022-09-27 23:59:59,1,0.3,0.0,0.3,watch,policy:observe rule: environment: co2_high,CO2 농도와 환기팬/입기구 상태 확인,normal,정상 범위,온도 기준 이상 없음
environment-0527,environment,2,high,clearfarm_rule_policy,ClearFarm,clearfarm:exp4:penF2.4,2022-09-27,2022-09-27 23:59:59,1,0.3,0.0,0.3,watch,policy:observe rule: environment: co2_high,CO2 농도와 환기팬/입기구 상태 확인,normal,정상 범위,온도 기준 이상 없음
environment-0528,environment,2,high,clearfarm_rule_policy,ClearFarm,clearfarm:exp4:penB3.4,2022-09-30,2022-09-30 23:59:59,1,0.3,0.0,0.3,watch,policy:observe rule: environment: co2_high,CO2 농도와 환기팬/입기구 상태 확인,normal,정상 범위,온도 기준 이상 없음
environment-0529,environment,2,high,clearfarm_rule_policy,ClearFarm,clearfarm:exp4:penF2.4,2022-09-30,2022-09-30 23:59:59,1,0.3,0.0,0.3,watch,policy:observe rule: environment: co2_high,CO2 농도와 환기팬/입기구 상태 확인,normal,정상 범위,온도 기준 이상 없음
environment-0530,environment,2,high,clearfarm_rule_policy,ClearFarm,clearfarm:exp4:penB2.4,2022-10-04,2022-10-04 23:59:59,1,0.3,0.0,0.3,watch,policy:observe rule: environment: co2_high,CO2 농도와 환기팬/입기구 상태 확인,normal,정상 범위,온도 기준 이상 없음
environment-0531,environment,2,high,clearfarm_rule_policy,ClearFarm,clearfarm:exp4:penB3.4,2022-10-04,2022-10-04 23:59:59,1,0.3,0.0,0.3,watch,policy:observe rule: environment: co2_high,CO2 농도와 환기팬/입기구 상태 확인,normal,정상 범위,온도 기준 이상 없음
environment-0532,environment,2,high,clearfarm_rule_policy,ClearFarm,clearfarm:exp4:penB3.4,2022-10-07,2022-10-07 23:59:59,1,0.3,0.0,0.3,watch,policy:observe rule: environment: co2_high,CO2 농도와 환기팬/입기구 상태 확인,normal,정상 범위,온도 기준 이상 없음
environment-0533,environment,2,high,clearfarm_rule_policy,ClearFarm,clearfarm:exp4:penC3.4,2022-10-07,2022-10-07 23:59:59,1,0.3,0.0,0.3,watch,policy:observe rule: environment: co2_high,CO2 농도와 환기팬/입기구 상태 확인,normal,정상 범위,온도 기준 이상 없음
environment-0534,environment,2,high,clearfarm_rule_policy,ClearFarm,clearfarm:exp4:penF2.4,2022-10-07,2022-10-07 23:59:59,1,0.3,0.0,0.3,watch,policy:observe rule: environment: co2_high,CO2 농도와 환기팬/입기구 상태 확인,normal,정상 범위,온도 기준 이상 없음
environment-0535,environment,2,high,clearfarm_rule_policy,ClearFarm,clearfarm:exp4:penF3.4,2022-10-07,2022-10-07 23:59:59,1,0.3,0.0,0.3,watch,policy:observe rule: environment: co2_high,CO2 농도와 환기팬/입기구 상태 확인,normal,정상 범위,온도 기준 이상 없음
environment-0536,environment,2,high,clearfarm_rule_policy,ClearFarm,clearfarm:exp4:penB2.4,2022-10-11,2022-10-11 23:59:59,1,0.3,0.0,0.3,watch,policy:observe rule: environment: co2_high,CO2 농도와 환기팬/입기구 상태 확인,normal,정상 범위,온도 기준 이상 없음
environment-0537,environment,2,high,clearfarm_rule_policy,ClearFarm,clearfarm:exp4:penB3.4,2022-10-11,2022-10-11 23:59:59,1,0.3,0.0,0.3,watch,policy:observe rule: environment: co2_high,CO2 농도와 환기팬/입기구 상태 확인,normal,정상 범위,온도 기준 이상 없음
environment-0538,environment,2,high,clearfarm_rule_policy,ClearFarm,clearfarm:exp4:penC3.4,2022-10-11,2022-10-11 23:59:59,1,0.3,0.0,0.3,watch,policy:observe rule: environment: co2_high,CO2 농도와 환기팬/입기구 상태 확인,normal,정상 범위,온도 기준 이상 없음
environment-0539,environment,2,high,clearfarm_rule_policy,ClearFarm,clearfarm:exp4:penD2.4,2022-10-11,2022-10-11 23:59:59,1,0.3,0.0,0.3,watch,policy:observe rule: environment: co2_high,CO2 농도와 환기팬/입기구 상태 확인,normal,정상 범위,온도 기준 이상 없음
environment-0540,environment,2,high,clearfarm_rule_policy,ClearFarm,clearfarm:exp4:penB2.4,2022-10-14,2022-10-14 23:59:59,1,0.3,0.0,0.3,watch,policy:observe rule: environment: co2_high,CO2 농도와 환기팬/입기구 상태 확인,normal,정상 범위,온도 기준 이상 없음
environment-0541,environment,2,high,clearfarm_rule_policy,ClearFarm,clearfarm:exp4:penB3.4,2022-10-14,2022-10-14 23:59:59,1,0.3,0.0,0.3,watch,policy:observe rule: environment: co2_high,CO2 농도와 환기팬/입기구 상태 확인,normal,정상 범위,온도 기준 이상 없음
environment-0542,environment,2,high,clearfarm_rule_policy,ClearFarm,clearfarm:exp4:penF3.4,2022-10-14,2022-10-14 23:59:59,1,0.3,0.0,0.3,watch,policy:observe rule: environment: co2_high,CO2 농도와 환기팬/입기구 상태 확인,normal,정상 범위,온도 기준 이상 없음
environment-0543,environment,2,high,clearfarm_rule_policy,ClearFarm,clearfarm:exp4:penB2.4,2022-10-18,2022-10-18 23:59:59,1,0.3,0.0,0.3,watch,policy:observe rule: environment: co2_high,CO2 농도와 환기팬/입기구 상태 확인,normal,정상 범위,온도 기준 이상 없음
environment-0544,environment,2,high,clearfarm_rule_policy,ClearFarm,clearfarm:exp4:penB3.4,2022-10-18,2022-10-18 23:59:59,1,0.3,0.0,0.3,watch,policy:observe rule: environment: co2_high,CO2 농도와 환기팬/입기구 상태 확인,normal,정상 범위,온도 기준 이상 없음
environment-0545,environment,2,high,clearfarm_rule_policy,ClearFarm,clearfarm:exp4:penF3.4,2022-10-18,2022-10-18 23:59:59,1,0.3,0.0,0.3,watch,policy:observe rule: environment: co2_high,CO2 농도와 환기팬/입기구 상태 확인,normal,정상 범위,온도 기준 이상 없음
environment-0546,environment,2,high,clearfarm_rule_policy,ClearFarm,clearfarm:exp4:penC2.4,2022-10-21,2022-10-21 23:59:59,1,0.3,0.0,0.3,watch,policy:observe rule: environment: co2_high,CO2 농도와 환기팬/입기구 상태 확인,normal,정상 범위,온도 기준 이상 없음
environment-0547,environment,2,high,clearfarm_rule_policy,ClearFarm,clearfarm:exp4:penC3.4,2022-10-25,2022-10-25 23:59:59,1,0.3,0.0,0.3,watch,policy:observe rule: environment: co2_high,CO2 농도와 환기팬/입기구 상태 확인,normal,정상 범위,온도 기준 이상 없음
environment-0548,environment,2,high,clearfarm_rule_policy,ClearFarm,clearfarm:exp4:penF2.4,2022-10-25,2022-10-25 23:59:59,1,0.3,0.0,0.3,watch,policy:observe rule: environment: co2_high,CO2 농도와 환기팬/입기구 상태 확인,normal,정상 범위,온도 기준 이상 없음
environment-0549,environment,2,high,clearfarm_rule_policy,ClearFarm,clearfarm:exp4:penF2.4,2022-11-01,2022-11-01 23:59:59,1,0.3,0.0,0.3,watch,policy:observe rule: environment: co2_high,CO2 농도와 환기팬/입기구 상태 확인,normal,정상 범위,온도 기준 이상 없음
environment-0550,environment,2,high,clearfarm_rule_policy,ClearFarm,clearfarm:exp4:penD3.4,2022-11-04,2022-11-04 23:59:59,1,0.3,0.0,0.3,watch,policy:observe rule: environment: nh3_high,"NH3 농도, 분뇨 상태, 환기 상태 확인",normal,정상 범위,온도 기준 이상 없음
environment-0551,environment,2,high,clearfarm_rule_policy,ClearFarm,clearfarm:exp4:penC3.4,2022-11-08,2022-11-08 23:59:59,1,0.3,0.0,0.3,watch,policy:observe rule: environment: co2_high,CO2 농도와 환기팬/입기구 상태 확인,normal,정상 범위,온도 기준 이상 없음
environment-0552,environment,2,high,clearfarm_rule_policy,ClearFarm,clearfarm:exp4:penF2.4,2022-11-08,2022-11-08 23:59:59,1,0.3,0.0,0.3,watch,policy:observe rule: environment: co2_high,CO2 농도와 환기팬/입기구 상태 확인,normal,정상 범위,온도 기준 이상 없음
environment-0553,environment,2,high,clearfarm_rule_policy,ClearFarm,clearfarm:exp4:penB2.4,2022-11-15,2022-11-15 23:59:59,1,0.3,0.0,0.3,watch,policy:observe rule: environment: nh3_high,"NH3 농도, 분뇨 상태, 환기 상태 확인",normal,정상 범위,온도 기준 이상 없음
environment-0554,environment,2,high,clearfarm_rule_policy,ClearFarm,clearfarm:exp4:penB3.4,2022-11-15,2022-11-15 23:59:59,1,0.3,0.0,0.3,watch,policy:observe rule: environment: nh3_high,"NH3 농도, 분뇨 상태, 환기 상태 확인",normal,정상 범위,온도 기준 이상 없음
environment-0555,environment,2,high,clearfarm_rule_policy,ClearFarm,clearfarm:exp4:penB2.4,2022-11-18,2022-11-18 23:59:59,1,0.3,0.0,0.3,watch,policy:observe rule: environment: nh3_high,"NH3 농도, 분뇨 상태, 환기 상태 확인",normal,정상 범위,온도 기준 이상 없음
environment-0556,environment,2,high,clearfarm_rule_policy,ClearFarm,clearfarm:exp4:penB3.4,2022-11-21,2022-11-21 23:59:59,1,0.3,0.0,0.3,watch,policy:observe rule: environment: nh3_high,"NH3 농도, 분뇨 상태, 환기 상태 확인",normal,정상 범위,온도 기준 이상 없음
environment-0557,environment,2,high,clearfarm_rule_policy,ClearFarm,clearfarm:exp4:penF2.4,2022-11-29,2022-11-29 23:59:59,1,0.3,0.0,0.3,watch,policy:observe rule: environment: co2_high,CO2 농도와 환기팬/입기구 상태 확인,normal,정상 범위,온도 기준 이상 없음
environment-0558,environment,2,high,clearfarm_rule_policy,ClearFarm,clearfarm:exp4:penB2.4,2022-12-02,2022-12-02 23:59:59,1,0.3,0.0,0.3,watch,policy:observe rule: environment: nh3_high,"NH3 농도, 분뇨 상태, 환기 상태 확인",normal,정상 범위,온도 기준 이상 없음
environment-0559,environment,2,high,clearfarm_rule_policy,ClearFarm,clearfarm:exp4:penB3.4,2022-12-02,2022-12-02 23:59:59,1,0.3,0.0,0.3,watch,policy:observe rule: environment: nh3_high,"NH3 농도, 분뇨 상태, 환기 상태 확인",normal,정상 범위,온도 기준 이상 없음
management-0001,management,3,watch,clearfarm_rule_policy,ClearFarm,clearfarm:exp3:penF2.3,2022-07-19,2022-07-19 23:59:59,1,2.1,0.6,1.2,high,"policy:cctv_focus rule: management: feed_drop | environment: nh3_high,barn_temp_high","급이기 작동, 사료 잔량, 급이 스케줄, 섭취 저하 원인 확인",high_confidence,고확신,CCTV/현장 확인 우선순위
management-0002,management,3,watch,clearfarm_rule_policy,ClearFarm,clearfarm:exp3:penF3.3,2022-07-19,2022-07-19 23:59:59,1,2.1,0.6,1.2,high,"policy:cctv_focus rule: management: feed_drop | environment: nh3_high,barn_temp_high","급이기 작동, 사료 잔량, 급이 스케줄, 섭취 저하 원인 확인",high_confidence,고확신,CCTV/현장 확인 우선순위
management-0003,management,3,watch,clearfarm_rule_policy,ClearFarm,clearfarm:exp3:penB3.3,2022-08-02,2022-08-02 23:59:59,1,2.1,0.6,1.2,high,"policy:cctv_focus rule: management: feed_drop | environment: nh3_high,barn_temp_high","급이기 작동, 사료 잔량, 급이 스케줄, 섭취 저하 원인 확인",high_confidence,고확신,CCTV/현장 확인 우선순위
management-0004,management,3,watch,clearfarm_rule_policy,ClearFarm,clearfarm:exp2:penA2.2,2021-10-12,2021-10-12 23:59:59,1,1.7999999999999998,0.6,0.8999999999999999,high,"policy:cctv_focus rule: management: feed_drop | environment: co2_high,nh3_high","급이기 작동, 사료 잔량, 급이 스케줄, 섭취 저하 원인 확인",normal,정상 범위,온도 기준 이상 없음
management-0005,management,3,watch,clearfarm_rule_policy,ClearFarm,clearfarm:exp2:penD2.2,2021-10-12,2021-10-12 23:59:59,1,1.7999999999999998,0.6,0.8999999999999999,high,"policy:cctv_focus rule: management: feed_drop | environment: co2_high,nh3_high","급이기 작동, 사료 잔량, 급이 스케줄, 섭취 저하 원인 확인",normal,정상 범위,온도 기준 이상 없음
management-0006,management,3,watch,clearfarm_rule_policy,ClearFarm,clearfarm:exp2:penA2.2,2021-10-15,2021-10-15 23:59:59,1,1.7999999999999998,0.6,0.8999999999999999,high,"policy:cctv_focus rule: management: feed_drop | environment: co2_high,nh3_high","급이기 작동, 사료 잔량, 급이 스케줄, 섭취 저하 원인 확인",normal,정상 범위,온도 기준 이상 없음
management-0007,management,3,watch,clearfarm_rule_policy,ClearFarm,clearfarm:exp2:penC2.2,2021-10-15,2021-10-15 23:59:59,1,1.7999999999999998,0.6,0.8999999999999999,high,"policy:cctv_focus rule: management: feed_drop | environment: co2_high,nh3_high","급이기 작동, 사료 잔량, 급이 스케줄, 섭취 저하 원인 확인",normal,정상 범위,온도 기준 이상 없음
management-0008,management,3,watch,clearfarm_rule_policy,ClearFarm,clearfarm:exp2:penB3.2,2021-10-22,2021-10-22 23:59:59,1,1.7999999999999998,0.6,0.8999999999999999,high,"policy:cctv_focus rule: management: feed_drop | environment: co2_high,nh3_high","급이기 작동, 사료 잔량, 급이 스케줄, 섭취 저하 원인 확인",normal,정상 범위,온도 기준 이상 없음
management-0009,management,3,watch,clearfarm_rule_policy,ClearFarm,clearfarm:exp2:penC2.2,2021-10-22,2021-10-22 23:59:59,1,1.7999999999999998,0.6,0.8999999999999999,high,"policy:cctv_focus rule: management: feed_drop | environment: co2_high,nh3_high","급이기 작동, 사료 잔량, 급이 스케줄, 섭취 저하 원인 확인",normal,정상 범위,온도 기준 이상 없음
management-0010,management,3,watch,clearfarm_rule_policy,ClearFarm,clearfarm:exp2:penF2.2,2021-10-22,2021-10-22 23:59:59,1,1.7999999999999998,0.6,0.8999999999999999,high,"policy:cctv_focus rule: management: feed_drop | environment: co2_high,nh3_high","급이기 작동, 사료 잔량, 급이 스케줄, 섭취 저하 원인 확인",normal,정상 범위,온도 기준 이상 없음
management-0011,management,3,watch,clearfarm_rule_policy,ClearFarm,clearfarm:exp2:penF2.2,2021-10-26,2021-10-26 23:59:59,1,1.7999999999999998,0.6,0.8999999999999999,high,"policy:cctv_focus rule: management: feed_drop | environment: co2_high,nh3_high","급이기 작동, 사료 잔량, 급이 스케줄, 섭취 저하 원인 확인",normal,정상 범위,온도 기준 이상 없음
management-0012,management,3,watch,clearfarm_rule_policy,ClearFarm,clearfarm:exp2:penB3.2,2021-10-29,2021-10-29 23:59:59,1,1.7999999999999998,0.6,0.8999999999999999,high,"policy:cctv_focus rule: management: feed_drop | environment: co2_high,nh3_high","급이기 작동, 사료 잔량, 급이 스케줄, 섭취 저하 원인 확인",normal,정상 범위,온도 기준 이상 없음
management-0013,management,3,watch,clearfarm_rule_policy,ClearFarm,clearfarm:exp2:penB2.2,2021-11-02,2021-11-02 23:59:59,1,1.7999999999999998,0.6,0.8999999999999999,high,"policy:cctv_focus rule: management: feed_drop | environment: co2_high,nh3_high","급이기 작동, 사료 잔량, 급이 스케줄, 섭취 저하 원인 확인",normal,정상 범위,온도 기준 이상 없음
management-0014,management,3,watch,clearfarm_rule_policy,ClearFarm,clearfarm:exp2:penB3.2,2021-11-02,2021-11-02 23:59:59,1,1.7999999999999998,0.6,0.8999999999999999,high,"policy:cctv_focus rule: management: feed_drop | environment: co2_high,nh3_high","급이기 작동, 사료 잔량, 급이 스케줄, 섭취 저하 원인 확인",normal,정상 범위,온도 기준 이상 없음
management-0015,management,3,watch,clearfarm_rule_policy,ClearFarm,clearfarm:exp2:penD2.2,2021-11-02,2021-11-02 23:59:59,1,1.7999999999999998,0.6,0.8999999999999999,high,"policy:cctv_focus rule: management: feed_drop | environment: co2_high,nh3_high","급이기 작동, 사료 잔량, 급이 스케줄, 섭취 저하 원인 확인",normal,정상 범위,온도 기준 이상 없음
management-0016,management,3,watch,clearfarm_rule_policy,ClearFarm,clearfarm:exp2:penD3.2,2021-11-02,2021-11-02 23:59:59,1,1.7999999999999998,0.6,0.8999999999999999,high,"policy:cctv_focus rule: management: feed_drop | environment: co2_high,nh3_high","급이기 작동, 사료 잔량, 급이 스케줄, 섭취 저하 원인 확인",normal,정상 범위,온도 기준 이상 없음
management-0017,management,3,watch,clearfarm_rule_policy,ClearFarm,clearfarm:exp2:penB2.2,2021-11-05,2021-11-05 23:59:59,1,1.7999999999999998,0.6,0.8999999999999999,high,"policy:cctv_focus rule: management: feed_drop | environment: co2_high,nh3_high","급이기 작동, 사료 잔량, 급이 스케줄, 섭취 저하 원인 확인",normal,정상 범위,온도 기준 이상 없음
management-0018,management,3,watch,clearfarm_rule_policy,ClearFarm,clearfarm:exp2:penB3.2,2021-11-05,2021-11-05 23:59:59,1,1.7999999999999998,0.6,0.8999999999999999,high,"policy:cctv_focus rule: management: feed_drop | environment: co2_high,nh3_high","급이기 작동, 사료 잔량, 급이 스케줄, 섭취 저하 원인 확인",normal,정상 범위,온도 기준 이상 없음
management-0019,management,3,watch,clearfarm_rule_policy,ClearFarm,clearfarm:exp2:penF3.2,2021-11-05,2021-11-05 23:59:59,1,1.7999999999999998,0.6,0.8999999999999999,high,"policy:cctv_focus rule: management: feed_drop | environment: co2_high,nh3_high","급이기 작동, 사료 잔량, 급이 스케줄, 섭취 저하 원인 확인",normal,정상 범위,온도 기준 이상 없음
management-0020,management,3,watch,clearfarm_rule_policy,ClearFarm,clearfarm:exp2:penB2.2,2021-11-09,2021-11-09 23:59:59,1,1.7999999999999998,0.6,0.8999999999999999,high,"policy:cctv_focus rule: management: feed_drop | environment: co2_high,nh3_high","급이기 작동, 사료 잔량, 급이 스케줄, 섭취 저하 원인 확인",normal,정상 범위,온도 기준 이상 없음
management-0021,management,3,watch,clearfarm_rule_policy,ClearFarm,clearfarm:exp2:penF2.2,2021-11-09,2021-11-09 23:59:59,1,1.7999999999999998,0.6,0.8999999999999999,high,"policy:cctv_focus rule: management: feed_drop | environment: co2_high,nh3_high","급이기 작동, 사료 잔량, 급이 스케줄, 섭취 저하 원인 확인",normal,정상 범위,온도 기준 이상 없음
management-0022,management,3,watch,clearfarm_rule_policy,ClearFarm,clearfarm:exp2:penB3.2,2021-11-12,2021-11-12 23:59:59,1,1.7999999999999998,0.6,0.8999999999999999,high,"policy:cctv_focus rule: management: feed_drop | environment: co2_high,nh3_high","급이기 작동, 사료 잔량, 급이 스케줄, 섭취 저하 원인 확인",normal,정상 범위,온도 기준 이상 없음
management-0023,management,3,watch,clearfarm_rule_policy,ClearFarm,clearfarm:exp2:penF2.2,2021-11-12,2021-11-12 23:59:59,1,1.7999999999999998,0.6,0.8999999999999999,high,"policy:cctv_focus rule: management: feed_drop | environment: co2_high,nh3_high","급이기 작동, 사료 잔량, 급이 스케줄, 섭취 저하 원인 확인",normal,정상 범위,온도 기준 이상 없음
management-0024,management,3,watch,clearfarm_rule_policy,ClearFarm,clearfarm:exp2:penB2.2,2021-11-19,2021-11-19 23:59:59,1,1.7999999999999998,0.6,0.8999999999999999,high,"policy:cctv_focus rule: management: feed_drop | environment: co2_high,nh3_high","급이기 작동, 사료 잔량, 급이 스케줄, 섭취 저하 원인 확인",normal,정상 범위,온도 기준 이상 없음
management-0025,management,3,watch,clearfarm_rule_policy,ClearFarm,clearfarm:exp2:penB3.2,2021-11-23,2021-11-23 23:59:59,1,1.7999999999999998,0.6,0.8999999999999999,high,"policy:cctv_focus rule: management: feed_drop | environment: co2_high,nh3_high","급이기 작동, 사료 잔량, 급이 스케줄, 섭취 저하 원인 확인",normal,정상 범위,온도 기준 이상 없음
management-0026,management,3,watch,clearfarm_rule_policy,ClearFarm,clearfarm:exp2:penC2.2,2021-11-23,2021-11-23 23:59:59,1,1.7999999999999998,0.6,0.8999999999999999,high,"policy:cctv_focus rule: management: feed_drop | environment: co2_high,nh3_high","급이기 작동, 사료 잔량, 급이 스케줄, 섭취 저하 원인 확인",normal,정상 범위,온도 기준 이상 없음
management-0027,management,3,watch,clearfarm_rule_policy,ClearFarm,clearfarm:exp2:penD2.2,2021-11-23,2021-11-23 23:59:59,1,1.7999999999999998,0.6,0.8999999999999999,high,"policy:cctv_focus rule: management: feed_drop | environment: co2_high,nh3_high","급이기 작동, 사료 잔량, 급이 스케줄, 섭취 저하 원인 확인",normal,정상 범위,온도 기준 이상 없음
management-0028,management,3,watch,clearfarm_rule_policy,ClearFarm,clearfarm:exp2:penD2.2,2021-12-03,2021-12-03 23:59:59,1,1.7999999999999998,0.6,0.8999999999999999,high,"policy:cctv_focus rule: management: feed_drop | environment: co2_high,nh3_high","급이기 작동, 사료 잔량, 급이 스케줄, 섭취 저하 원인 확인",normal,정상 범위,온도 기준 이상 없음
management-0029,management,3,watch,clearfarm_rule_policy,ClearFarm,clearfarm:exp4:penD2.4,2022-09-17,2022-09-17 23:59:59,1,1.7999999999999998,0.6,0.8999999999999999,high,"policy:cctv_focus rule: management: feed_drop | environment: co2_high,nh3_high","급이기 작동, 사료 잔량, 급이 스케줄, 섭취 저하 원인 확인",normal,정상 범위,온도 기준 이상 없음
management-0030,management,3,watch,clearfarm_rule_policy,ClearFarm,clearfarm:exp4:penD3.4,2022-09-17,2022-09-17 23:59:59,1,1.7999999999999998,0.6,0.8999999999999999,high,"policy:cctv_focus rule: management: feed_drop | environment: co2_high,nh3_high","급이기 작동, 사료 잔량, 급이 스케줄, 섭취 저하 원인 확인",normal,정상 범위,온도 기준 이상 없음
management-0031,management,3,watch,clearfarm_rule_policy,ClearFarm,clearfarm:exp4:penF3.4,2022-09-20,2022-09-20 23:59:59,1,1.7999999999999998,0.6,0.8999999999999999,high,"policy:cctv_focus rule: management: feed_drop | environment: co2_high,nh3_high","급이기 작동, 사료 잔량, 급이 스케줄, 섭취 저하 원인 확인",normal,정상 범위,온도 기준 이상 없음
management-0032,management,3,watch,clearfarm_rule_policy,ClearFarm,clearfarm:exp4:penC2.4,2022-11-04,2022-11-04 23:59:59,1,1.7999999999999998,0.6,0.8999999999999999,high,"policy:cctv_focus rule: management: feed_drop | environment: co2_high,nh3_high","급이기 작동, 사료 잔량, 급이 스케줄, 섭취 저하 원인 확인",normal,정상 범위,온도 기준 이상 없음
management-0033,management,3,watch,clearfarm_rule_policy,ClearFarm,clearfarm:exp4:penF3.4,2022-11-04,2022-11-04 23:59:59,1,1.7999999999999998,0.6,0.8999999999999999,high,"policy:cctv_focus rule: management: feed_drop | environment: co2_high,nh3_high","급이기 작동, 사료 잔량, 급이 스케줄, 섭취 저하 원인 확인",normal,정상 범위,온도 기준 이상 없음
management-0034,management,3,watch,clearfarm_rule_policy,ClearFarm,clearfarm:exp4:penF3.4,2022-11-11,2022-11-11 23:59:59,1,1.7999999999999998,0.6,0.8999999999999999,high,"policy:cctv_focus rule: management: feed_drop | environment: co2_high,nh3_high","급이기 작동, 사료 잔량, 급이 스케줄, 섭취 저하 원인 확인",normal,정상 범위,온도 기준 이상 없음
management-0035,management,3,watch,clearfarm_rule_policy,ClearFarm,clearfarm:exp4:penC2.4,2022-11-15,2022-11-15 23:59:59,1,1.7999999999999998,0.6,0.8999999999999999,high,"policy:cctv_focus rule: management: feed_drop | environment: co2_high,nh3_high","급이기 작동, 사료 잔량, 급이 스케줄, 섭취 저하 원인 확인",normal,정상 범위,온도 기준 이상 없음
management-0036,management,3,watch,clearfarm_rule_policy,ClearFarm,clearfarm:exp4:penD3.4,2022-11-15,2022-11-15 23:59:59,1,1.7999999999999998,0.6,0.8999999999999999,high,"policy:cctv_focus rule: management: feed_drop | environment: co2_high,nh3_high","급이기 작동, 사료 잔량, 급이 스케줄, 섭취 저하 원인 확인",normal,정상 범위,온도 기준 이상 없음
management-0037,management,3,watch,clearfarm_rule_policy,ClearFarm,clearfarm:exp4:penF3.4,2022-11-15,2022-11-15 23:59:59,1,1.7999999999999998,0.6,0.8999999999999999,high,"policy:cctv_focus rule: management: feed_drop | environment: co2_high,nh3_high","급이기 작동, 사료 잔량, 급이 스케줄, 섭취 저하 원인 확인",normal,정상 범위,온도 기준 이상 없음
management-0038,management,3,watch,clearfarm_rule_policy,ClearFarm,clearfarm:exp4:penC2.4,2022-11-18,2022-11-18 23:59:59,1,1.7999999999999998,0.6,0.8999999999999999,high,"policy:cctv_focus rule: management: feed_drop | environment: co2_high,nh3_high","급이기 작동, 사료 잔량, 급이 스케줄, 섭취 저하 원인 확인",normal,정상 범위,온도 기준 이상 없음
management-0039,management,3,watch,clearfarm_rule_policy,ClearFarm,clearfarm:exp4:penD2.4,2022-11-18,2022-11-18 23:59:59,1,1.7999999999999998,0.6,0.8999999999999999,high,"policy:cctv_focus rule: management: feed_drop | environment: co2_high,nh3_high","급이기 작동, 사료 잔량, 급이 스케줄, 섭취 저하 원인 확인",normal,정상 범위,온도 기준 이상 없음
management-0040,management,3,watch,clearfarm_rule_policy,ClearFarm,clearfarm:exp4:penF2.4,2022-11-18,2022-11-18 23:59:59,1,1.7999999999999998,0.6,0.8999999999999999,high,"policy:cctv_focus rule: management: feed_drop | environment: co2_high,nh3_high","급이기 작동, 사료 잔량, 급이 스케줄, 섭취 저하 원인 확인",normal,정상 범위,온도 기준 이상 없음
management-0041,management,3,watch,clearfarm_rule_policy,ClearFarm,clearfarm:exp4:penF3.4,2022-11-18,2022-11-18 23:59:59,1,1.7999999999999998,0.6,0.8999999999999999,high,"policy:cctv_focus rule: management: feed_drop | environment: co2_high,nh3_high","급이기 작동, 사료 잔량, 급이 스케줄, 섭취 저하 원인 확인",normal,정상 범위,온도 기준 이상 없음
management-0042,management,3,watch,clearfarm_rule_policy,ClearFarm,clearfarm:exp4:penC2.4,2022-11-21,2022-11-21 23:59:59,1,1.7999999999999998,0.6,0.8999999999999999,high,"policy:cctv_focus rule: management: feed_drop | environment: co2_high,nh3_high","급이기 작동, 사료 잔량, 급이 스케줄, 섭취 저하 원인 확인",normal,정상 범위,온도 기준 이상 없음
management-0043,management,3,watch,clearfarm_rule_policy,ClearFarm,clearfarm:exp4:penC3.4,2022-11-21,2022-11-21 23:59:59,1,1.7999999999999998,0.6,0.8999999999999999,high,"policy:cctv_focus rule: management: feed_drop | environment: co2_high,nh3_high","급이기 작동, 사료 잔량, 급이 스케줄, 섭취 저하 원인 확인",normal,정상 범위,온도 기준 이상 없음
management-0044,management,3,watch,clearfarm_rule_policy,ClearFarm,clearfarm:exp4:penD3.4,2022-11-21,2022-11-21 23:59:59,1,1.7999999999999998,0.6,0.8999999999999999,high,"policy:cctv_focus rule: management: feed_drop | environment: co2_high,nh3_high","급이기 작동, 사료 잔량, 급이 스케줄, 섭취 저하 원인 확인",normal,정상 범위,온도 기준 이상 없음
management-0045,management,3,watch,clearfarm_rule_policy,ClearFarm,clearfarm:exp4:penF2.4,2022-11-21,2022-11-21 23:59:59,1,1.7999999999999998,0.6,0.8999999999999999,high,"policy:cctv_focus rule: management: feed_drop | environment: co2_high,nh3_high","급이기 작동, 사료 잔량, 급이 스케줄, 섭취 저하 원인 확인",normal,정상 범위,온도 기준 이상 없음
management-0046,management,3,watch,clearfarm_rule_policy,ClearFarm,clearfarm:exp4:penD2.4,2022-11-25,2022-11-25 23:59:59,1,1.7999999999999998,0.6,0.8999999999999999,high,"policy:cctv_focus rule: management: feed_drop | environment: co2_high,nh3_high","급이기 작동, 사료 잔량, 급이 스케줄, 섭취 저하 원인 확인",normal,정상 범위,온도 기준 이상 없음
management-0047,management,3,watch,clearfarm_rule_policy,ClearFarm,clearfarm:exp4:penC2.4,2022-11-29,2022-11-29 23:59:59,1,1.7999999999999998,0.6,0.8999999999999999,high,"policy:cctv_focus rule: management: feed_drop | environment: co2_high,nh3_high","급이기 작동, 사료 잔량, 급이 스케줄, 섭취 저하 원인 확인",normal,정상 범위,온도 기준 이상 없음
management-0048,management,3,watch,clearfarm_rule_policy,ClearFarm,clearfarm:exp4:penC3.4,2022-11-29,2022-11-29 23:59:59,1,1.7999999999999998,0.6,0.8999999999999999,high,"policy:cctv_focus rule: management: feed_drop | environment: co2_high,nh3_high","급이기 작동, 사료 잔량, 급이 스케줄, 섭취 저하 원인 확인",normal,정상 범위,온도 기준 이상 없음
management-0049,management,3,watch,clearfarm_rule_policy,ClearFarm,clearfarm:exp4:penD2.4,2022-11-29,2022-11-29 23:59:59,1,1.7999999999999998,0.6,0.8999999999999999,high,"policy:cctv_focus rule: management: feed_drop | environment: co2_high,nh3_high","급이기 작동, 사료 잔량, 급이 스케줄, 섭취 저하 원인 확인",normal,정상 범위,온도 기준 이상 없음
management-0050,management,3,watch,clearfarm_rule_policy,ClearFarm,clearfarm:exp4:penD3.4,2022-11-29,2022-11-29 23:59:59,1,1.7999999999999998,0.6,0.8999999999999999,high,"policy:cctv_focus rule: management: feed_drop | environment: co2_high,nh3_high","급이기 작동, 사료 잔량, 급이 스케줄, 섭취 저하 원인 확인",normal,정상 범위,온도 기준 이상 없음
management-0051,management,3,watch,clearfarm_rule_policy,ClearFarm,clearfarm:exp4:penC2.4,2022-12-02,2022-12-02 23:59:59,1,1.7999999999999998,0.6,0.8999999999999999,high,"policy:cctv_focus rule: management: feed_drop | environment: co2_high,nh3_high","급이기 작동, 사료 잔량, 급이 스케줄, 섭취 저하 원인 확인",normal,정상 범위,온도 기준 이상 없음
management-0052,management,3,watch,clearfarm_rule_policy,ClearFarm,clearfarm:exp4:penD2.4,2022-12-02,2022-12-02 23:59:59,1,1.7999999999999998,0.6,0.8999999999999999,high,"policy:cctv_focus rule: management: feed_drop | environment: co2_high,nh3_high","급이기 작동, 사료 잔량, 급이 스케줄, 섭취 저하 원인 확인",normal,정상 범위,온도 기준 이상 없음
management-0053,management,3,watch,clearfarm_rule_policy,ClearFarm,clearfarm:exp4:penD3.4,2022-12-02,2022-12-02 23:59:59,1,1.7999999999999998,0.6,0.8999999999999999,high,"policy:cctv_focus rule: management: feed_drop | environment: co2_high,nh3_high","급이기 작동, 사료 잔량, 급이 스케줄, 섭취 저하 원인 확인",normal,정상 범위,온도 기준 이상 없음
management-0054,management,3,watch,clearfarm_rule_policy,ClearFarm,clearfarm:exp4:penF2.4,2022-12-02,2022-12-02 23:59:59,1,1.7999999999999998,0.6,0.8999999999999999,high,"policy:cctv_focus rule: management: feed_drop | environment: co2_high,nh3_high","급이기 작동, 사료 잔량, 급이 스케줄, 섭취 저하 원인 확인",normal,정상 범위,온도 기준 이상 없음
management-0055,management,3,watch,clearfarm_rule_policy,ClearFarm,clearfarm:exp4:penF3.4,2022-12-02,2022-12-02 23:59:59,1,1.7999999999999998,0.6,0.8999999999999999,high,"policy:cctv_focus rule: management: feed_drop | environment: co2_high,nh3_high","급이기 작동, 사료 잔량, 급이 스케줄, 섭취 저하 원인 확인",normal,정상 범위,온도 기준 이상 없음
management-0056,management,3,watch,clearfarm_rule_policy,ClearFarm,clearfarm:exp4:penC2.4,2022-12-06,2022-12-06 23:59:59,1,1.7999999999999998,0.6,0.8999999999999999,high,"policy:cctv_focus rule: management: feed_drop | environment: co2_high,nh3_high","급이기 작동, 사료 잔량, 급이 스케줄, 섭취 저하 원인 확인",normal,정상 범위,온도 기준 이상 없음
management-0057,management,3,watch,clearfarm_rule_policy,ClearFarm,clearfarm:exp4:penD2.4,2022-12-06,2022-12-06 23:59:59,1,1.7999999999999998,0.6,0.8999999999999999,high,"policy:cctv_focus rule: management: feed_drop | environment: co2_high,nh3_high","급이기 작동, 사료 잔량, 급이 스케줄, 섭취 저하 원인 확인",normal,정상 범위,온도 기준 이상 없음
management-0058,management,3,watch,clearfarm_rule_policy,ClearFarm,clearfarm:exp4:penD3.4,2022-12-06,2022-12-06 23:59:59,1,1.7999999999999998,0.6,0.8999999999999999,high,"policy:cctv_focus rule: management: feed_drop | environment: co2_high,nh3_high","급이기 작동, 사료 잔량, 급이 스케줄, 섭취 저하 원인 확인",normal,정상 범위,온도 기준 이상 없음
management-0059,management,3,watch,clearfarm_rule_policy,ClearFarm,clearfarm:exp3:penB2.3,2022-06-17,2022-06-17 23:59:59,1,1.5,0.6,0.6,high,policy:cctv_focus rule: management: feed_drop | environment: barn_temp_high,"급이기 작동, 사료 잔량, 급이 스케줄, 섭취 저하 원인 확인",high_confidence,고확신,CCTV/현장 확인 우선순위
management-0060,management,3,watch,clearfarm_rule_policy,ClearFarm,clearfarm:exp2:penA3.2,2021-09-21,2021-09-21 23:59:59,1,1.2,0.6,0.3,high,policy:cctv_focus rule: management: feed_drop | environment: co2_high,"급이기 작동, 사료 잔량, 급이 스케줄, 섭취 저하 원인 확인",normal,정상 범위,온도 기준 이상 없음
management-0061,management,3,watch,clearfarm_rule_policy,ClearFarm,clearfarm:exp2:penB2.2,2021-09-21,2021-09-21 23:59:59,1,1.2,0.6,0.3,high,policy:cctv_focus rule: management: feed_drop | environment: co2_high,"급이기 작동, 사료 잔량, 급이 스케줄, 섭취 저하 원인 확인",normal,정상 범위,온도 기준 이상 없음
management-0062,management,3,watch,clearfarm_rule_policy,ClearFarm,clearfarm:exp2:penB3.2,2021-09-21,2021-09-21 23:59:59,1,1.2,0.6,0.3,high,policy:cctv_focus rule: management: feed_drop | environment: co2_high,"급이기 작동, 사료 잔량, 급이 스케줄, 섭취 저하 원인 확인",normal,정상 범위,온도 기준 이상 없음
management-0063,management,3,watch,clearfarm_rule_policy,ClearFarm,clearfarm:exp2:penD3.2,2021-09-21,2021-09-21 23:59:59,1,1.2,0.6,0.3,high,policy:cctv_focus rule: management: feed_drop | environment: co2_high,"급이기 작동, 사료 잔량, 급이 스케줄, 섭취 저하 원인 확인",normal,정상 범위,온도 기준 이상 없음
management-0064,management,3,watch,clearfarm_rule_policy,ClearFarm,clearfarm:exp2:penF2.2,2021-09-21,2021-09-21 23:59:59,1,1.2,0.6,0.3,high,policy:cctv_focus rule: management: feed_drop | environment: co2_high,"급이기 작동, 사료 잔량, 급이 스케줄, 섭취 저하 원인 확인",normal,정상 범위,온도 기준 이상 없음
management-0065,management,3,watch,clearfarm_rule_policy,ClearFarm,clearfarm:exp2:penB2.2,2021-09-24,2021-09-24 23:59:59,1,1.2,0.6,0.3,high,policy:cctv_focus rule: management: feed_drop | environment: co2_high,"급이기 작동, 사료 잔량, 급이 스케줄, 섭취 저하 원인 확인",normal,정상 범위,온도 기준 이상 없음
management-0066,management,3,watch,clearfarm_rule_policy,ClearFarm,clearfarm:exp2:penB2.2,2021-09-28,2021-09-28 23:59:59,1,1.2,0.6,0.3,high,policy:cctv_focus rule: management: feed_drop | environment: co2_high,"급이기 작동, 사료 잔량, 급이 스케줄, 섭취 저하 원인 확인",normal,정상 범위,온도 기준 이상 없음
management-0067,management,3,watch,clearfarm_rule_policy,ClearFarm,clearfarm:exp2:penB3.2,2021-09-28,2021-09-28 23:59:59,1,1.2,0.6,0.3,high,policy:cctv_focus rule: management: feed_drop | environment: co2_high,"급이기 작동, 사료 잔량, 급이 스케줄, 섭취 저하 원인 확인",normal,정상 범위,온도 기준 이상 없음
management-0068,management,3,watch,clearfarm_rule_policy,ClearFarm,clearfarm:exp2:penD2.2,2021-09-28,2021-09-28 23:59:59,1,1.2,0.6,0.3,high,policy:cctv_focus rule: management: feed_drop | environment: co2_high,"급이기 작동, 사료 잔량, 급이 스케줄, 섭취 저하 원인 확인",normal,정상 범위,온도 기준 이상 없음
management-0069,management,3,watch,clearfarm_rule_policy,ClearFarm,clearfarm:exp2:penB2.2,2021-10-01,2021-10-01 23:59:59,1,1.2,0.6,0.3,high,policy:cctv_focus rule: management: feed_drop | environment: co2_high,"급이기 작동, 사료 잔량, 급이 스케줄, 섭취 저하 원인 확인",normal,정상 범위,온도 기준 이상 없음
management-0070,management,3,watch,clearfarm_rule_policy,ClearFarm,clearfarm:exp2:penC2.2,2021-10-01,2021-10-01 23:59:59,1,1.2,0.6,0.3,high,policy:cctv_focus rule: management: feed_drop | environment: co2_high,"급이기 작동, 사료 잔량, 급이 스케줄, 섭취 저하 원인 확인",normal,정상 범위,온도 기준 이상 없음
management-0071,management,3,watch,clearfarm_rule_policy,ClearFarm,clearfarm:exp2:penB3.2,2021-10-05,2021-10-05 23:59:59,1,1.2,0.6,0.3,high,policy:cctv_focus rule: management: feed_drop | environment: co2_high,"급이기 작동, 사료 잔량, 급이 스케줄, 섭취 저하 원인 확인",normal,정상 범위,온도 기준 이상 없음
management-0072,management,3,watch,clearfarm_rule_policy,ClearFarm,clearfarm:exp2:penB3.2,2021-10-08,2021-10-08 23:59:59,1,1.2,0.6,0.3,high,policy:cctv_focus rule: management: feed_drop | environment: co2_high,"급이기 작동, 사료 잔량, 급이 스케줄, 섭취 저하 원인 확인",normal,정상 범위,온도 기준 이상 없음
management-0073,management,3,watch,clearfarm_rule_policy,ClearFarm,clearfarm:exp2:penB3.2,2021-10-12,2021-10-12 23:59:59,1,1.2,0.6,0.3,high,policy:cctv_focus rule: management: feed_drop | environment: co2_high,"급이기 작동, 사료 잔량, 급이 스케줄, 섭취 저하 원인 확인",normal,정상 범위,온도 기준 이상 없음
management-0074,management,3,watch,clearfarm_rule_policy,ClearFarm,clearfarm:exp2:penB3.2,2021-10-19,2021-10-19 23:59:59,1,1.2,0.6,0.3,high,policy:cctv_focus rule: management: feed_drop | environment: co2_high,"급이기 작동, 사료 잔량, 급이 스케줄, 섭취 저하 원인 확인",normal,정상 범위,온도 기준 이상 없음
management-0075,management,3,watch,clearfarm_rule_policy,ClearFarm,clearfarm:exp2:penC2.2,2021-10-19,2021-10-19 23:59:59,1,1.2,0.6,0.3,high,policy:cctv_focus rule: management: feed_drop | environment: nh3_high,"급이기 작동, 사료 잔량, 급이 스케줄, 섭취 저하 원인 확인",normal,정상 범위,온도 기준 이상 없음
management-0076,management,3,watch,clearfarm_rule_policy,ClearFarm,clearfarm:exp2:penA3.2,2021-10-22,2021-10-22 23:59:59,1,1.2,0.6,0.3,high,policy:cctv_focus rule: management: feed_drop | environment: co2_high,"급이기 작동, 사료 잔량, 급이 스케줄, 섭취 저하 원인 확인",normal,정상 범위,온도 기준 이상 없음
management-0077,management,3,watch,clearfarm_rule_policy,ClearFarm,clearfarm:exp2:penA3.2,2021-10-26,2021-10-26 23:59:59,1,1.2,0.6,0.3,high,policy:cctv_focus rule: management: feed_drop | environment: nh3_high,"급이기 작동, 사료 잔량, 급이 스케줄, 섭취 저하 원인 확인",normal,정상 범위,온도 기준 이상 없음
management-0078,management,3,watch,clearfarm_rule_policy,ClearFarm,clearfarm:exp2:penB3.2,2021-10-26,2021-10-26 23:59:59,1,1.2,0.6,0.3,high,policy:cctv_focus rule: management: feed_drop | environment: co2_high,"급이기 작동, 사료 잔량, 급이 스케줄, 섭취 저하 원인 확인",normal,정상 범위,온도 기준 이상 없음
management-0079,management,3,watch,clearfarm_rule_policy,ClearFarm,clearfarm:exp2:penD3.2,2021-10-26,2021-10-26 23:59:59,1,1.2,0.6,0.3,high,policy:cctv_focus rule: management: feed_drop | environment: nh3_high,"급이기 작동, 사료 잔량, 급이 스케줄, 섭취 저하 원인 확인",normal,정상 범위,온도 기준 이상 없음
management-0080,management,3,watch,clearfarm_rule_policy,ClearFarm,clearfarm:exp2:penA2.2,2021-11-05,2021-11-05 23:59:59,1,1.2,0.6,0.3,high,policy:cctv_focus rule: management: feed_drop | environment: co2_high,"급이기 작동, 사료 잔량, 급이 스케줄, 섭취 저하 원인 확인",normal,정상 범위,온도 기준 이상 없음
management-0081,management,3,watch,clearfarm_rule_policy,ClearFarm,clearfarm:exp2:penA3.2,2021-11-12,2021-11-12 23:59:59,1,1.2,0.6,0.3,high,policy:cctv_focus rule: management: feed_drop | environment: co2_high,"급이기 작동, 사료 잔량, 급이 스케줄, 섭취 저하 원인 확인",normal,정상 범위,온도 기준 이상 없음
management-0082,management,3,watch,clearfarm_rule_policy,ClearFarm,clearfarm:exp2:penD2.2,2021-11-19,2021-11-19 23:59:59,1,1.2,0.6,0.3,high,policy:cctv_focus rule: management: feed_drop | environment: nh3_high,"급이기 작동, 사료 잔량, 급이 스케줄, 섭취 저하 원인 확인",normal,정상 범위,온도 기준 이상 없음
management-0083,management,3,watch,clearfarm_rule_policy,ClearFarm,clearfarm:exp3:penA3.3,2022-05-24,2022-05-24 23:59:59,1,1.2,0.6,0.3,high,policy:cctv_focus rule: management: feed_drop | environment: co2_high,"급이기 작동, 사료 잔량, 급이 스케줄, 섭취 저하 원인 확인",normal,정상 범위,온도 기준 이상 없음
management-0084,management,3,watch,clearfarm_rule_policy,ClearFarm,clearfarm:exp3:penA2.3,2022-05-27,2022-05-27 23:59:59,1,1.2,0.6,0.3,high,policy:cctv_focus rule: management: feed_drop | environment: co2_high,"급이기 작동, 사료 잔량, 급이 스케줄, 섭취 저하 원인 확인",normal,정상 범위,온도 기준 이상 없음
management-0085,management,3,watch,clearfarm_rule_policy,ClearFarm,clearfarm:exp3:penA2.3,2022-05-31,2022-05-31 23:59:59,1,1.2,0.6,0.3,high,policy:cctv_focus rule: management: feed_drop | environment: co2_high,"급이기 작동, 사료 잔량, 급이 스케줄, 섭취 저하 원인 확인",normal,정상 범위,온도 기준 이상 없음
management-0086,management,3,watch,clearfarm_rule_policy,ClearFarm,clearfarm:exp3:penA3.3,2022-05-31,2022-05-31 23:59:59,1,1.2,0.6,0.3,high,policy:cctv_focus rule: management: feed_drop | environment: co2_high,"급이기 작동, 사료 잔량, 급이 스케줄, 섭취 저하 원인 확인",normal,정상 범위,온도 기준 이상 없음
management-0087,management,3,watch,clearfarm_rule_policy,ClearFarm,clearfarm:exp3:penB2.3,2022-05-31,2022-05-31 23:59:59,1,1.2,0.6,0.3,high,policy:cctv_focus rule: management: feed_drop | environment: co2_high,"급이기 작동, 사료 잔량, 급이 스케줄, 섭취 저하 원인 확인",normal,정상 범위,온도 기준 이상 없음
management-0088,management,3,watch,clearfarm_rule_policy,ClearFarm,clearfarm:exp3:penB3.3,2022-05-31,2022-05-31 23:59:59,1,1.2,0.6,0.3,high,policy:cctv_focus rule: management: feed_drop | environment: co2_high,"급이기 작동, 사료 잔량, 급이 스케줄, 섭취 저하 원인 확인",normal,정상 범위,온도 기준 이상 없음
management-0089,management,3,watch,clearfarm_rule_policy,ClearFarm,clearfarm:exp3:penC2.3,2022-05-31,2022-05-31 23:59:59,1,1.2,0.6,0.3,high,policy:cctv_focus rule: management: feed_drop | environment: co2_high,"급이기 작동, 사료 잔량, 급이 스케줄, 섭취 저하 원인 확인",normal,정상 범위,온도 기준 이상 없음
management-0090,management,3,watch,clearfarm_rule_policy,ClearFarm,clearfarm:exp3:penF3.3,2022-05-31,2022-05-31 23:59:59,1,1.2,0.6,0.3,high,policy:cctv_focus rule: management: feed_drop | environment: co2_high,"급이기 작동, 사료 잔량, 급이 스케줄, 섭취 저하 원인 확인",normal,정상 범위,온도 기준 이상 없음
management-0091,management,3,watch,clearfarm_rule_policy,ClearFarm,clearfarm:exp3:penB2.3,2022-06-10,2022-06-10 23:59:59,1,1.2,0.6,0.3,high,policy:cctv_focus rule: management: feed_drop | environment: co2_high,"급이기 작동, 사료 잔량, 급이 스케줄, 섭취 저하 원인 확인",normal,정상 범위,온도 기준 이상 없음
management-0092,management,3,watch,clearfarm_rule_policy,ClearFarm,clearfarm:exp3:penB3.3,2022-06-10,2022-06-10 23:59:59,1,1.2,0.6,0.3,high,policy:cctv_focus rule: management: feed_drop | environment: co2_high,"급이기 작동, 사료 잔량, 급이 스케줄, 섭취 저하 원인 확인",normal,정상 범위,온도 기준 이상 없음
management-0093,management,3,watch,clearfarm_rule_policy,ClearFarm,clearfarm:exp3:penD2.3,2022-06-10,2022-06-10 23:59:59,1,1.2,0.6,0.3,high,policy:cctv_focus rule: management: feed_drop | environment: nh3_high,"급이기 작동, 사료 잔량, 급이 스케줄, 섭취 저하 원인 확인",screening,선별,관찰/추세 확인 후보
management-0094,management,3,watch,clearfarm_rule_policy,ClearFarm,clearfarm:exp3:penD3.3,2022-06-10,2022-06-10 23:59:59,1,1.2,0.6,0.3,high,policy:cctv_focus rule: management: feed_drop | environment: nh3_high,"급이기 작동, 사료 잔량, 급이 스케줄, 섭취 저하 원인 확인",screening,선별,관찰/추세 확인 후보
management-0095,management,3,watch,clearfarm_rule_policy,ClearFarm,clearfarm:exp3:penF3.3,2022-06-10,2022-06-10 23:59:59,1,1.2,0.6,0.3,high,policy:cctv_focus rule: management: feed_drop | environment: co2_high,"급이기 작동, 사료 잔량, 급이 스케줄, 섭취 저하 원인 확인",normal,정상 범위,온도 기준 이상 없음
management-0096,management,3,watch,clearfarm_rule_policy,ClearFarm,clearfarm:exp3:penA2.3,2022-06-14,2022-06-14 23:59:59,1,1.2,0.6,0.3,high,policy:cctv_focus rule: management: feed_drop | environment: nh3_high,"급이기 작동, 사료 잔량, 급이 스케줄, 섭취 저하 원인 확인",normal,정상 범위,온도 기준 이상 없음
management-0097,management,3,watch,clearfarm_rule_policy,ClearFarm,clearfarm:exp3:penB2.3,2022-06-14,2022-06-14 23:59:59,1,1.2,0.6,0.3,high,policy:cctv_focus rule: management: feed_drop | environment: co2_high,"급이기 작동, 사료 잔량, 급이 스케줄, 섭취 저하 원인 확인",normal,정상 범위,온도 기준 이상 없음
management-0098,management,3,watch,clearfarm_rule_policy,ClearFarm,clearfarm:exp3:penD2.3,2022-06-14,2022-06-14 23:59:59,1,1.2,0.6,0.3,high,policy:cctv_focus rule: management: feed_drop | environment: nh3_high,"급이기 작동, 사료 잔량, 급이 스케줄, 섭취 저하 원인 확인",screening,선별,관찰/추세 확인 후보
management-0099,management,3,watch,clearfarm_rule_policy,ClearFarm,clearfarm:exp3:penD3.3,2022-06-14,2022-06-14 23:59:59,1,1.2,0.6,0.3,high,policy:cctv_focus rule: management: feed_drop | environment: nh3_high,"급이기 작동, 사료 잔량, 급이 스케줄, 섭취 저하 원인 확인",screening,선별,관찰/추세 확인 후보
management-0100,management,3,watch,clearfarm_rule_policy,ClearFarm,clearfarm:exp3:penD2.3,2022-06-21,2022-06-21 23:59:59,1,1.2,0.6,0.3,high,policy:cctv_focus rule: management: feed_drop | environment: nh3_high,"급이기 작동, 사료 잔량, 급이 스케줄, 섭취 저하 원인 확인",screening,선별,관찰/추세 확인 후보
management-0101,management,3,watch,clearfarm_rule_policy,ClearFarm,clearfarm:exp3:penF3.3,2022-06-21,2022-06-21 23:59:59,1,1.2,0.6,0.3,high,policy:cctv_focus rule: management: feed_drop | environment: nh3_high,"급이기 작동, 사료 잔량, 급이 스케줄, 섭취 저하 원인 확인",normal,정상 범위,온도 기준 이상 없음
management-0102,management,3,watch,clearfarm_rule_policy,ClearFarm,clearfarm:exp3:penA3.3,2022-06-24,2022-06-24 23:59:59,1,1.2,0.6,0.3,high,policy:cctv_focus rule: management: feed_drop | environment: nh3_high,"급이기 작동, 사료 잔량, 급이 스케줄, 섭취 저하 원인 확인",balanced,균형,환경 이상 기본 기준 후보
management-0103,management,3,watch,clearfarm_rule_policy,ClearFarm,clearfarm:exp3:penC3.3,2022-06-24,2022-06-24 23:59:59,1,1.2,0.6,0.3,high,policy:cctv_focus rule: management: feed_drop | environment: nh3_high,"급이기 작동, 사료 잔량, 급이 스케줄, 섭취 저하 원인 확인",balanced,균형,환경 이상 기본 기준 후보
management-0104,management,3,watch,clearfarm_rule_policy,ClearFarm,clearfarm:exp3:penB3.3,2022-06-28,2022-06-28 23:59:59,1,1.2,0.6,0.3,high,policy:cctv_focus rule: management: feed_drop | environment: nh3_high,"급이기 작동, 사료 잔량, 급이 스케줄, 섭취 저하 원인 확인",screening,선별,관찰/추세 확인 후보
management-0105,management,3,watch,clearfarm_rule_policy,ClearFarm,clearfarm:exp3:penC2.3,2022-06-28,2022-06-28 23:59:59,1,1.2,0.6,0.3,high,policy:cctv_focus rule: management: feed_drop | environment: nh3_high,"급이기 작동, 사료 잔량, 급이 스케줄, 섭취 저하 원인 확인",normal,정상 범위,온도 기준 이상 없음
management-0106,management,3,watch,clearfarm_rule_policy,ClearFarm,clearfarm:exp3:penF3.3,2022-06-28,2022-06-28 23:59:59,1,1.2,0.6,0.3,high,policy:cctv_focus rule: management: feed_drop | environment: nh3_high,"급이기 작동, 사료 잔량, 급이 스케줄, 섭취 저하 원인 확인",normal,정상 범위,온도 기준 이상 없음
management-0107,management,3,watch,clearfarm_rule_policy,ClearFarm,clearfarm:exp3:penA3.3,2022-07-01,2022-07-01 23:59:59,1,1.2,0.6,0.3,high,policy:cctv_focus rule: management: feed_drop | environment: nh3_high,"급이기 작동, 사료 잔량, 급이 스케줄, 섭취 저하 원인 확인",screening,선별,관찰/추세 확인 후보
management-0108,management,3,watch,clearfarm_rule_policy,ClearFarm,clearfarm:exp3:penC3.3,2022-07-01,2022-07-01 23:59:59,1,1.2,0.6,0.3,high,policy:cctv_focus rule: management: feed_drop | environment: nh3_high,"급이기 작동, 사료 잔량, 급이 스케줄, 섭취 저하 원인 확인",screening,선별,관찰/추세 확인 후보
management-0109,management,3,watch,clearfarm_rule_policy,ClearFarm,clearfarm:exp3:penF2.3,2022-07-01,2022-07-01 23:59:59,1,1.2,0.6,0.3,high,policy:cctv_focus rule: management: feed_drop | environment: nh3_high,"급이기 작동, 사료 잔량, 급이 스케줄, 섭취 저하 원인 확인",screening,선별,관찰/추세 확인 후보
management-0110,management,3,watch,clearfarm_rule_policy,ClearFarm,clearfarm:exp3:penF3.3,2022-07-01,2022-07-01 23:59:59,1,1.2,0.6,0.3,high,policy:cctv_focus rule: management: feed_drop | environment: nh3_high,"급이기 작동, 사료 잔량, 급이 스케줄, 섭취 저하 원인 확인",screening,선별,관찰/추세 확인 후보
management-0111,management,3,watch,clearfarm_rule_policy,ClearFarm,clearfarm:exp3:penC3.3,2022-07-05,2022-07-05 23:59:59,1,1.2,0.6,0.3,high,policy:cctv_focus rule: management: feed_drop | environment: nh3_high,"급이기 작동, 사료 잔량, 급이 스케줄, 섭취 저하 원인 확인",normal,정상 범위,온도 기준 이상 없음
management-0112,management,3,watch,clearfarm_rule_policy,ClearFarm,clearfarm:exp3:penF3.3,2022-07-05,2022-07-05 23:59:59,1,1.2,0.6,0.3,high,policy:cctv_focus rule: management: feed_drop | environment: nh3_high,"급이기 작동, 사료 잔량, 급이 스케줄, 섭취 저하 원인 확인",normal,정상 범위,온도 기준 이상 없음
management-0113,management,3,watch,clearfarm_rule_policy,ClearFarm,clearfarm:exp3:penB3.3,2022-07-08,2022-07-08 23:59:59,1,1.2,0.6,0.3,high,policy:cctv_focus rule: management: feed_drop | environment: nh3_high,"급이기 작동, 사료 잔량, 급이 스케줄, 섭취 저하 원인 확인",normal,정상 범위,온도 기준 이상 없음
management-0114,management,3,watch,clearfarm_rule_policy,ClearFarm,clearfarm:exp3:penC3.3,2022-07-08,2022-07-08 23:59:59,1,1.2,0.6,0.3,high,policy:cctv_focus rule: management: feed_drop | environment: nh3_high,"급이기 작동, 사료 잔량, 급이 스케줄, 섭취 저하 원인 확인",normal,정상 범위,온도 기준 이상 없음
management-0115,management,3,watch,clearfarm_rule_policy,ClearFarm,clearfarm:exp3:penF3.3,2022-07-08,2022-07-08 23:59:59,1,1.2,0.6,0.3,high,policy:cctv_focus rule: management: feed_drop | environment: nh3_high,"급이기 작동, 사료 잔량, 급이 스케줄, 섭취 저하 원인 확인",normal,정상 범위,온도 기준 이상 없음
management-0116,management,3,watch,clearfarm_rule_policy,ClearFarm,clearfarm:exp3:penD2.3,2022-07-12,2022-07-12 23:59:59,1,1.2,0.6,0.3,high,policy:cctv_focus rule: management: feed_drop | environment: nh3_high,"급이기 작동, 사료 잔량, 급이 스케줄, 섭취 저하 원인 확인",balanced,균형,환경 이상 기본 기준 후보
management-0117,management,3,watch,clearfarm_rule_policy,ClearFarm,clearfarm:exp3:penF3.3,2022-07-12,2022-07-12 23:59:59,1,1.2,0.6,0.3,high,policy:cctv_focus rule: management: feed_drop | environment: nh3_high,"급이기 작동, 사료 잔량, 급이 스케줄, 섭취 저하 원인 확인",screening,선별,관찰/추세 확인 후보
management-0118,management,3,watch,clearfarm_rule_policy,ClearFarm,clearfarm:exp3:penC3.3,2022-07-22,2022-07-22 23:59:59,1,1.2,0.6,0.3,high,policy:cctv_focus rule: management: feed_drop | environment: nh3_high,"급이기 작동, 사료 잔량, 급이 스케줄, 섭취 저하 원인 확인",screening,선별,관찰/추세 확인 후보
management-0119,management,3,watch,clearfarm_rule_policy,ClearFarm,clearfarm:exp3:penC2.3,2022-07-29,2022-07-29 23:59:59,1,1.2,0.6,0.3,high,policy:cctv_focus rule: management: feed_drop | environment: nh3_high,"급이기 작동, 사료 잔량, 급이 스케줄, 섭취 저하 원인 확인",normal,정상 범위,온도 기준 이상 없음
management-0120,management,3,watch,clearfarm_rule_policy,ClearFarm,clearfarm:exp3:penC3.3,2022-07-29,2022-07-29 23:59:59,1,1.2,0.6,0.3,high,policy:cctv_focus rule: management: feed_drop | environment: nh3_high,"급이기 작동, 사료 잔량, 급이 스케줄, 섭취 저하 원인 확인",normal,정상 범위,온도 기준 이상 없음
management-0121,management,3,watch,clearfarm_rule_policy,ClearFarm,clearfarm:exp3:penD3.3,2022-07-29,2022-07-29 23:59:59,1,1.2,0.6,0.3,high,policy:cctv_focus rule: management: feed_drop | environment: nh3_high,"급이기 작동, 사료 잔량, 급이 스케줄, 섭취 저하 원인 확인",screening,선별,관찰/추세 확인 후보
management-0122,management,3,watch,clearfarm_rule_policy,ClearFarm,clearfarm:exp3:penA2.3,2022-08-02,2022-08-02 23:59:59,1,1.2,0.6,0.3,high,policy:cctv_focus rule: management: feed_drop | environment: nh3_high,"급이기 작동, 사료 잔량, 급이 스케줄, 섭취 저하 원인 확인",balanced,균형,환경 이상 기본 기준 후보
management-0123,management,3,watch,clearfarm_rule_policy,ClearFarm,clearfarm:exp3:penA3.3,2022-08-02,2022-08-02 23:59:59,1,1.2,0.6,0.3,high,policy:cctv_focus rule: management: feed_drop | environment: nh3_high,"급이기 작동, 사료 잔량, 급이 스케줄, 섭취 저하 원인 확인",balanced,균형,환경 이상 기본 기준 후보
management-0124,management,3,watch,clearfarm_rule_policy,ClearFarm,clearfarm:exp3:penC2.3,2022-08-02,2022-08-02 23:59:59,1,1.2,0.6,0.3,high,policy:cctv_focus rule: management: feed_drop | environment: nh3_high,"급이기 작동, 사료 잔량, 급이 스케줄, 섭취 저하 원인 확인",balanced,균형,환경 이상 기본 기준 후보
management-0125,management,3,watch,clearfarm_rule_policy,ClearFarm,clearfarm:exp3:penC3.3,2022-08-09,2022-08-09 23:59:59,1,1.2,0.6,0.3,high,policy:cctv_focus rule: management: feed_drop | environment: nh3_high,"급이기 작동, 사료 잔량, 급이 스케줄, 섭취 저하 원인 확인",balanced,균형,환경 이상 기본 기준 후보
management-0126,management,3,watch,clearfarm_rule_policy,ClearFarm,clearfarm:exp4:penC3.4,2022-09-17,2022-09-17 23:59:59,1,1.2,0.6,0.3,high,policy:cctv_focus rule: management: feed_drop | environment: co2_high,"급이기 작동, 사료 잔량, 급이 스케줄, 섭취 저하 원인 확인",normal,정상 범위,온도 기준 이상 없음
management-0127,management,3,watch,clearfarm_rule_policy,ClearFarm,clearfarm:exp4:penF2.4,2022-09-17,2022-09-17 23:59:59,1,1.2,0.6,0.3,high,policy:cctv_focus rule: management: feed_drop | environment: co2_high,"급이기 작동, 사료 잔량, 급이 스케줄, 섭취 저하 원인 확인",normal,정상 범위,온도 기준 이상 없음
management-0128,management,3,watch,clearfarm_rule_policy,ClearFarm,clearfarm:exp4:penF3.4,2022-09-17,2022-09-17 23:59:59,1,1.2,0.6,0.3,high,policy:cctv_focus rule: management: feed_drop | environment: co2_high,"급이기 작동, 사료 잔량, 급이 스케줄, 섭취 저하 원인 확인",normal,정상 범위,온도 기준 이상 없음
management-0129,management,3,watch,clearfarm_rule_policy,ClearFarm,clearfarm:exp4:penD3.4,2022-09-20,2022-09-20 23:59:59,1,1.2,0.6,0.3,high,policy:cctv_focus rule: management: feed_drop | environment: co2_high,"급이기 작동, 사료 잔량, 급이 스케줄, 섭취 저하 원인 확인",normal,정상 범위,온도 기준 이상 없음
management-0130,management,3,watch,clearfarm_rule_policy,ClearFarm,clearfarm:exp4:penB2.4,2022-09-23,2022-09-23 23:59:59,1,1.2,0.6,0.3,high,policy:cctv_focus rule: management: feed_drop | environment: co2_high,"급이기 작동, 사료 잔량, 급이 스케줄, 섭취 저하 원인 확인",normal,정상 범위,온도 기준 이상 없음
management-0131,management,3,watch,clearfarm_rule_policy,ClearFarm,clearfarm:exp4:penD2.4,2022-09-23,2022-09-23 23:59:59,1,1.2,0.6,0.3,high,policy:cctv_focus rule: management: feed_drop | environment: co2_high,"급이기 작동, 사료 잔량, 급이 스케줄, 섭취 저하 원인 확인",normal,정상 범위,온도 기준 이상 없음
management-0132,management,3,watch,clearfarm_rule_policy,ClearFarm,clearfarm:exp4:penB2.4,2022-09-27,2022-09-27 23:59:59,1,1.2,0.6,0.3,high,policy:cctv_focus rule: management: feed_drop | environment: co2_high,"급이기 작동, 사료 잔량, 급이 스케줄, 섭취 저하 원인 확인",normal,정상 범위,온도 기준 이상 없음
management-0133,management,3,watch,clearfarm_rule_policy,ClearFarm,clearfarm:exp4:penD3.4,2022-09-27,2022-09-27 23:59:59,1,1.2,0.6,0.3,high,policy:cctv_focus rule: management: feed_drop | environment: co2_high,"급이기 작동, 사료 잔량, 급이 스케줄, 섭취 저하 원인 확인",normal,정상 범위,온도 기준 이상 없음
management-0134,management,3,watch,clearfarm_rule_policy,ClearFarm,clearfarm:exp4:penF3.4,2022-09-27,2022-09-27 23:59:59,1,1.2,0.6,0.3,high,policy:cctv_focus rule: management: feed_drop | environment: co2_high,"급이기 작동, 사료 잔량, 급이 스케줄, 섭취 저하 원인 확인",normal,정상 범위,온도 기준 이상 없음
management-0135,management,3,watch,clearfarm_rule_policy,ClearFarm,clearfarm:exp4:penB2.4,2022-09-30,2022-09-30 23:59:59,1,1.2,0.6,0.3,high,policy:cctv_focus rule: management: feed_drop | environment: co2_high,"급이기 작동, 사료 잔량, 급이 스케줄, 섭취 저하 원인 확인",normal,정상 범위,온도 기준 이상 없음
management-0136,management,3,watch,clearfarm_rule_policy,ClearFarm,clearfarm:exp4:penD2.4,2022-09-30,2022-09-30 23:59:59,1,1.2,0.6,0.3,high,policy:cctv_focus rule: management: feed_drop | environment: co2_high,"급이기 작동, 사료 잔량, 급이 스케줄, 섭취 저하 원인 확인",normal,정상 범위,온도 기준 이상 없음
management-0137,management,3,watch,clearfarm_rule_policy,ClearFarm,clearfarm:exp4:penD3.4,2022-09-30,2022-09-30 23:59:59,1,1.2,0.6,0.3,high,policy:cctv_focus rule: management: feed_drop | environment: co2_high,"급이기 작동, 사료 잔량, 급이 스케줄, 섭취 저하 원인 확인",normal,정상 범위,온도 기준 이상 없음
management-0138,management,3,watch,clearfarm_rule_policy,ClearFarm,clearfarm:exp4:penF3.4,2022-09-30,2022-09-30 23:59:59,1,1.2,0.6,0.3,high,policy:cctv_focus rule: management: feed_drop | environment: co2_high,"급이기 작동, 사료 잔량, 급이 스케줄, 섭취 저하 원인 확인",normal,정상 범위,온도 기준 이상 없음
management-0139,management,3,watch,clearfarm_rule_policy,ClearFarm,clearfarm:exp4:penC2.4,2022-10-04,2022-10-04 23:59:59,1,1.2,0.6,0.3,high,policy:cctv_focus rule: management: feed_drop | environment: co2_high,"급이기 작동, 사료 잔량, 급이 스케줄, 섭취 저하 원인 확인",normal,정상 범위,온도 기준 이상 없음
management-0140,management,3,watch,clearfarm_rule_policy,ClearFarm,clearfarm:exp4:penC3.4,2022-10-04,2022-10-04 23:59:59,1,1.2,0.6,0.3,high,policy:cctv_focus rule: management: feed_drop | environment: co2_high,"급이기 작동, 사료 잔량, 급이 스케줄, 섭취 저하 원인 확인",normal,정상 범위,온도 기준 이상 없음
management-0141,management,3,watch,clearfarm_rule_policy,ClearFarm,clearfarm:exp4:penF2.4,2022-10-04,2022-10-04 23:59:59,1,1.2,0.6,0.3,high,policy:cctv_focus rule: management: feed_drop | environment: co2_high,"급이기 작동, 사료 잔량, 급이 스케줄, 섭취 저하 원인 확인",normal,정상 범위,온도 기준 이상 없음
management-0142,management,3,watch,clearfarm_rule_policy,ClearFarm,clearfarm:exp4:penF3.4,2022-10-04,2022-10-04 23:59:59,1,1.2,0.6,0.3,high,policy:cctv_focus rule: management: feed_drop | environment: co2_high,"급이기 작동, 사료 잔량, 급이 스케줄, 섭취 저하 원인 확인",normal,정상 범위,온도 기준 이상 없음
management-0143,management,3,watch,clearfarm_rule_policy,ClearFarm,clearfarm:exp4:penB2.4,2022-10-07,2022-10-07 23:59:59,1,1.2,0.6,0.3,high,policy:cctv_focus rule: management: feed_drop | environment: co2_high,"급이기 작동, 사료 잔량, 급이 스케줄, 섭취 저하 원인 확인",normal,정상 범위,온도 기준 이상 없음
management-0144,management,3,watch,clearfarm_rule_policy,ClearFarm,clearfarm:exp4:penC2.4,2022-10-07,2022-10-07 23:59:59,1,1.2,0.6,0.3,high,policy:cctv_focus rule: management: feed_drop | environment: co2_high,"급이기 작동, 사료 잔량, 급이 스케줄, 섭취 저하 원인 확인",normal,정상 범위,온도 기준 이상 없음
management-0145,management,3,watch,clearfarm_rule_policy,ClearFarm,clearfarm:exp4:penD2.4,2022-10-07,2022-10-07 23:59:59,1,1.2,0.6,0.3,high,policy:cctv_focus rule: management: feed_drop | environment: co2_high,"급이기 작동, 사료 잔량, 급이 스케줄, 섭취 저하 원인 확인",normal,정상 범위,온도 기준 이상 없음
management-0146,management,3,watch,clearfarm_rule_policy,ClearFarm,clearfarm:exp4:penD3.4,2022-10-07,2022-10-07 23:59:59,1,1.2,0.6,0.3,high,policy:cctv_focus rule: management: feed_drop | environment: co2_high,"급이기 작동, 사료 잔량, 급이 스케줄, 섭취 저하 원인 확인",normal,정상 범위,온도 기준 이상 없음
management-0147,management,3,watch,clearfarm_rule_policy,ClearFarm,clearfarm:exp4:penC2.4,2022-10-11,2022-10-11 23:59:59,1,1.2,0.6,0.3,high,policy:cctv_focus rule: management: feed_drop | environment: co2_high,"급이기 작동, 사료 잔량, 급이 스케줄, 섭취 저하 원인 확인",normal,정상 범위,온도 기준 이상 없음
management-0148,management,3,watch,clearfarm_rule_policy,ClearFarm,clearfarm:exp4:penD3.4,2022-10-11,2022-10-11 23:59:59,1,1.2,0.6,0.3,high,policy:cctv_focus rule: management: feed_drop | environment: co2_high,"급이기 작동, 사료 잔량, 급이 스케줄, 섭취 저하 원인 확인",normal,정상 범위,온도 기준 이상 없음
management-0149,management,3,watch,clearfarm_rule_policy,ClearFarm,clearfarm:exp4:penF2.4,2022-10-11,2022-10-11 23:59:59,1,1.2,0.6,0.3,high,policy:cctv_focus rule: management: feed_drop | environment: co2_high,"급이기 작동, 사료 잔량, 급이 스케줄, 섭취 저하 원인 확인",normal,정상 범위,온도 기준 이상 없음
management-0150,management,3,watch,clearfarm_rule_policy,ClearFarm,clearfarm:exp4:penF3.4,2022-10-11,2022-10-11 23:59:59,1,1.2,0.6,0.3,high,policy:cctv_focus rule: management: feed_drop | environment: co2_high,"급이기 작동, 사료 잔량, 급이 스케줄, 섭취 저하 원인 확인",normal,정상 범위,온도 기준 이상 없음
management-0151,management,3,watch,clearfarm_rule_policy,ClearFarm,clearfarm:exp4:penC2.4,2022-10-14,2022-10-14 23:59:59,1,1.2,0.6,0.3,high,policy:cctv_focus rule: management: feed_drop | environment: co2_high,"급이기 작동, 사료 잔량, 급이 스케줄, 섭취 저하 원인 확인",normal,정상 범위,온도 기준 이상 없음
management-0152,management,3,watch,clearfarm_rule_policy,ClearFarm,clearfarm:exp4:penC3.4,2022-10-14,2022-10-14 23:59:59,1,1.2,0.6,0.3,high,policy:cctv_focus rule: management: feed_drop | environment: co2_high,"급이기 작동, 사료 잔량, 급이 스케줄, 섭취 저하 원인 확인",normal,정상 범위,온도 기준 이상 없음
management-0153,management,3,watch,clearfarm_rule_policy,ClearFarm,clearfarm:exp4:penF2.4,2022-10-14,2022-10-14 23:59:59,1,1.2,0.6,0.3,high,policy:cctv_focus rule: management: feed_drop | environment: co2_high,"급이기 작동, 사료 잔량, 급이 스케줄, 섭취 저하 원인 확인",normal,정상 범위,온도 기준 이상 없음
management-0154,management,3,watch,clearfarm_rule_policy,ClearFarm,clearfarm:exp4:penC2.4,2022-10-18,2022-10-18 23:59:59,1,1.2,0.6,0.3,high,policy:cctv_focus rule: management: feed_drop | environment: co2_high,"급이기 작동, 사료 잔량, 급이 스케줄, 섭취 저하 원인 확인",normal,정상 범위,온도 기준 이상 없음
management-0155,management,3,watch,clearfarm_rule_policy,ClearFarm,clearfarm:exp4:penC3.4,2022-10-18,2022-10-18 23:59:59,1,1.2,0.6,0.3,high,policy:cctv_focus rule: management: feed_drop | environment: co2_high,"급이기 작동, 사료 잔량, 급이 스케줄, 섭취 저하 원인 확인",normal,정상 범위,온도 기준 이상 없음
management-0156,management,3,watch,clearfarm_rule_policy,ClearFarm,clearfarm:exp4:penD2.4,2022-10-18,2022-10-18 23:59:59,1,1.2,0.6,0.3,high,policy:cctv_focus rule: management: feed_drop | environment: co2_high,"급이기 작동, 사료 잔량, 급이 스케줄, 섭취 저하 원인 확인",normal,정상 범위,온도 기준 이상 없음
management-0157,management,3,watch,clearfarm_rule_policy,ClearFarm,clearfarm:exp4:penD3.4,2022-10-18,2022-10-18 23:59:59,1,1.2,0.6,0.3,high,policy:cctv_focus rule: management: feed_drop | environment: co2_high,"급이기 작동, 사료 잔량, 급이 스케줄, 섭취 저하 원인 확인",normal,정상 범위,온도 기준 이상 없음
management-0158,management,3,watch,clearfarm_rule_policy,ClearFarm,clearfarm:exp4:penF2.4,2022-10-18,2022-10-18 23:59:59,1,1.2,0.6,0.3,high,policy:cctv_focus rule: management: feed_drop | environment: co2_high,"급이기 작동, 사료 잔량, 급이 스케줄, 섭취 저하 원인 확인",normal,정상 범위,온도 기준 이상 없음
management-0159,management,3,watch,clearfarm_rule_policy,ClearFarm,clearfarm:exp4:penC3.4,2022-10-21,2022-10-21 23:59:59,1,1.2,0.6,0.3,high,policy:cctv_focus rule: management: feed_drop | environment: co2_high,"급이기 작동, 사료 잔량, 급이 스케줄, 섭취 저하 원인 확인",normal,정상 범위,온도 기준 이상 없음
management-0160,management,3,watch,clearfarm_rule_policy,ClearFarm,clearfarm:exp4:penD2.4,2022-10-21,2022-10-21 23:59:59,1,1.2,0.6,0.3,high,policy:cctv_focus rule: management: feed_drop | environment: nh3_high,"급이기 작동, 사료 잔량, 급이 스케줄, 섭취 저하 원인 확인",normal,정상 범위,온도 기준 이상 없음
management-0161,management,3,watch,clearfarm_rule_policy,ClearFarm,clearfarm:exp4:penD3.4,2022-10-21,2022-10-21 23:59:59,1,1.2,0.6,0.3,high,policy:cctv_focus rule: management: feed_drop | environment: nh3_high,"급이기 작동, 사료 잔량, 급이 스케줄, 섭취 저하 원인 확인",normal,정상 범위,온도 기준 이상 없음
management-0162,management,3,watch,clearfarm_rule_policy,ClearFarm,clearfarm:exp4:penF2.4,2022-10-21,2022-10-21 23:59:59,1,1.2,0.6,0.3,high,policy:cctv_focus rule: management: feed_drop | environment: co2_high,"급이기 작동, 사료 잔량, 급이 스케줄, 섭취 저하 원인 확인",normal,정상 범위,온도 기준 이상 없음
management-0163,management,3,watch,clearfarm_rule_policy,ClearFarm,clearfarm:exp4:penF3.4,2022-10-21,2022-10-21 23:59:59,1,1.2,0.6,0.3,high,policy:cctv_focus rule: management: feed_drop | environment: co2_high,"급이기 작동, 사료 잔량, 급이 스케줄, 섭취 저하 원인 확인",normal,정상 범위,온도 기준 이상 없음
management-0164,management,3,watch,clearfarm_rule_policy,ClearFarm,clearfarm:exp4:penC2.4,2022-10-25,2022-10-25 23:59:59,1,1.2,0.6,0.3,high,policy:cctv_focus rule: management: feed_drop | environment: co2_high,"급이기 작동, 사료 잔량, 급이 스케줄, 섭취 저하 원인 확인",normal,정상 범위,온도 기준 이상 없음
management-0165,management,3,watch,clearfarm_rule_policy,ClearFarm,clearfarm:exp4:penF3.4,2022-10-25,2022-10-25 23:59:59,1,1.2,0.6,0.3,high,policy:cctv_focus rule: management: feed_drop | environment: co2_high,"급이기 작동, 사료 잔량, 급이 스케줄, 섭취 저하 원인 확인",normal,정상 범위,온도 기준 이상 없음
management-0166,management,3,watch,clearfarm_rule_policy,ClearFarm,clearfarm:exp4:penF3.4,2022-11-01,2022-11-01 23:59:59,1,1.2,0.6,0.3,high,policy:cctv_focus rule: management: feed_drop | environment: co2_high,"급이기 작동, 사료 잔량, 급이 스케줄, 섭취 저하 원인 확인",normal,정상 범위,온도 기준 이상 없음
management-0167,management,3,watch,clearfarm_rule_policy,ClearFarm,clearfarm:exp4:penD2.4,2022-11-04,2022-11-04 23:59:59,1,1.2,0.6,0.3,high,policy:cctv_focus rule: management: feed_drop | environment: nh3_high,"급이기 작동, 사료 잔량, 급이 스케줄, 섭취 저하 원인 확인",normal,정상 범위,온도 기준 이상 없음
management-0168,management,3,watch,clearfarm_rule_policy,ClearFarm,clearfarm:exp4:penC2.4,2022-11-08,2022-11-08 23:59:59,1,1.2,0.6,0.3,high,policy:cctv_focus rule: management: feed_drop | environment: co2_high,"급이기 작동, 사료 잔량, 급이 스케줄, 섭취 저하 원인 확인",normal,정상 범위,온도 기준 이상 없음
management-0169,management,3,watch,clearfarm_rule_policy,ClearFarm,clearfarm:exp4:penF3.4,2022-11-08,2022-11-08 23:59:59,1,1.2,0.6,0.3,high,policy:cctv_focus rule: management: feed_drop | environment: co2_high,"급이기 작동, 사료 잔량, 급이 스케줄, 섭취 저하 원인 확인",normal,정상 범위,온도 기준 이상 없음
management-0170,management,3,watch,clearfarm_rule_policy,ClearFarm,clearfarm:exp4:penB3.4,2022-11-18,2022-11-18 23:59:59,1,1.2,0.6,0.3,high,policy:cctv_focus rule: management: feed_drop | environment: nh3_high,"급이기 작동, 사료 잔량, 급이 스케줄, 섭취 저하 원인 확인",normal,정상 범위,온도 기준 이상 없음
management-0171,management,3,watch,clearfarm_rule_policy,ClearFarm,clearfarm:exp4:penB2.4,2022-11-21,2022-11-21 23:59:59,1,1.2,0.6,0.3,high,policy:cctv_focus rule: management: feed_drop | environment: nh3_high,"급이기 작동, 사료 잔량, 급이 스케줄, 섭취 저하 원인 확인",normal,정상 범위,온도 기준 이상 없음
management-0172,management,3,watch,clearfarm_rule_policy,ClearFarm,clearfarm:exp4:penB2.4,2022-11-25,2022-11-25 23:59:59,1,1.2,0.6,0.3,high,policy:cctv_focus rule: management: feed_drop | environment: nh3_high,"급이기 작동, 사료 잔량, 급이 스케줄, 섭취 저하 원인 확인",normal,정상 범위,온도 기준 이상 없음
management-0173,management,3,watch,clearfarm_rule_policy,ClearFarm,clearfarm:exp4:penB3.4,2022-11-25,2022-11-25 23:59:59,1,1.2,0.6,0.3,high,policy:cctv_focus rule: management: feed_drop | environment: nh3_high,"급이기 작동, 사료 잔량, 급이 스케줄, 섭취 저하 원인 확인",normal,정상 범위,온도 기준 이상 없음
management-0174,management,3,watch,clearfarm_rule_policy,ClearFarm,clearfarm:exp4:penC2.4,2022-11-25,2022-11-25 23:59:59,1,1.2,0.6,0.3,high,policy:cctv_focus rule: management: feed_drop | environment: co2_high,"급이기 작동, 사료 잔량, 급이 스케줄, 섭취 저하 원인 확인",normal,정상 범위,온도 기준 이상 없음
management-0175,management,3,watch,clearfarm_rule_policy,ClearFarm,clearfarm:exp4:penC3.4,2022-11-25,2022-11-25 23:59:59,1,1.2,0.6,0.3,high,policy:cctv_focus rule: management: feed_drop | environment: co2_high,"급이기 작동, 사료 잔량, 급이 스케줄, 섭취 저하 원인 확인",normal,정상 범위,온도 기준 이상 없음
management-0176,management,3,watch,clearfarm_rule_policy,ClearFarm,clearfarm:exp4:penF2.4,2022-11-25,2022-11-25 23:59:59,1,1.2,0.6,0.3,high,policy:cctv_focus rule: management: feed_drop | environment: co2_high,"급이기 작동, 사료 잔량, 급이 스케줄, 섭취 저하 원인 확인",normal,정상 범위,온도 기준 이상 없음
management-0177,management,3,watch,clearfarm_rule_policy,ClearFarm,clearfarm:exp4:penF3.4,2022-11-25,2022-11-25 23:59:59,1,1.2,0.6,0.3,high,policy:cctv_focus rule: management: feed_drop | environment: co2_high,"급이기 작동, 사료 잔량, 급이 스케줄, 섭취 저하 원인 확인",normal,정상 범위,온도 기준 이상 없음
management-0178,management,3,watch,clearfarm_rule_policy,ClearFarm,clearfarm:exp4:penB2.4,2022-11-29,2022-11-29 23:59:59,1,1.2,0.6,0.3,high,policy:cctv_focus rule: management: feed_drop | environment: nh3_high,"급이기 작동, 사료 잔량, 급이 스케줄, 섭취 저하 원인 확인",normal,정상 범위,온도 기준 이상 없음
management-0179,management,3,watch,clearfarm_rule_policy,ClearFarm,clearfarm:exp4:penB3.4,2022-11-29,2022-11-29 23:59:59,1,1.2,0.6,0.3,high,policy:cctv_focus rule: management: feed_drop | environment: nh3_high,"급이기 작동, 사료 잔량, 급이 스케줄, 섭취 저하 원인 확인",normal,정상 범위,온도 기준 이상 없음
management-0180,management,3,watch,clearfarm_rule_policy,ClearFarm,clearfarm:exp4:penF3.4,2022-11-29,2022-11-29 23:59:59,1,1.2,0.6,0.3,high,policy:cctv_focus rule: management: feed_drop | environment: co2_high,"급이기 작동, 사료 잔량, 급이 스케줄, 섭취 저하 원인 확인",normal,정상 범위,온도 기준 이상 없음
management-0181,management,3,watch,clearfarm_rule_policy,ClearFarm,clearfarm:exp4:penB2.4,2022-12-06,2022-12-06 23:59:59,1,1.2,0.6,0.3,high,policy:cctv_focus rule: management: feed_drop | environment: nh3_high,"급이기 작동, 사료 잔량, 급이 스케줄, 섭취 저하 원인 확인",normal,정상 범위,온도 기준 이상 없음
management-0182,management,3,watch,clearfarm_rule_policy,ClearFarm,clearfarm:exp4:penB3.4,2022-12-06,2022-12-06 23:59:59,1,1.2,0.6,0.3,high,policy:cctv_focus rule: management: feed_drop | environment: nh3_high,"급이기 작동, 사료 잔량, 급이 스케줄, 섭취 저하 원인 확인",normal,정상 범위,온도 기준 이상 없음
management-0183,management,3,watch,clearfarm_rule_policy,ClearFarm,clearfarm:exp1:penA2.1,2020-12-08,2020-12-08 23:59:59,1,0.6,0.6,0.0,medium,policy:caution rule: management: feed_drop,"급이기 작동, 사료 잔량, 급이 스케줄, 섭취 저하 원인 확인",not_available,측정 없음,온도 데이터 없음
management-0184,management,3,watch,clearfarm_rule_policy,ClearFarm,clearfarm:exp1:penA3.1,2020-12-08,2020-12-08 23:59:59,1,0.6,0.6,0.0,medium,policy:caution rule: management: feed_drop,"급이기 작동, 사료 잔량, 급이 스케줄, 섭취 저하 원인 확인",not_available,측정 없음,온도 데이터 없음
management-0185,management,3,watch,clearfarm_rule_policy,ClearFarm,clearfarm:exp1:penB2.1,2020-12-08,2020-12-08 23:59:59,1,0.6,0.6,0.0,medium,policy:caution rule: management: feed_drop,"급이기 작동, 사료 잔량, 급이 스케줄, 섭취 저하 원인 확인",not_available,측정 없음,온도 데이터 없음
management-0186,management,3,watch,clearfarm_rule_policy,ClearFarm,clearfarm:exp1:penB3.1,2020-12-08,2020-12-08 23:59:59,1,0.6,0.6,0.0,medium,policy:caution rule: management: feed_drop,"급이기 작동, 사료 잔량, 급이 스케줄, 섭취 저하 원인 확인",not_available,측정 없음,온도 데이터 없음
management-0187,management,3,watch,clearfarm_rule_policy,ClearFarm,clearfarm:exp1:penD2.1,2020-12-08,2020-12-08 23:59:59,1,0.6,0.6,0.0,medium,policy:caution rule: management: feed_drop,"급이기 작동, 사료 잔량, 급이 스케줄, 섭취 저하 원인 확인",not_available,측정 없음,온도 데이터 없음
management-0188,management,3,watch,clearfarm_rule_policy,ClearFarm,clearfarm:exp1:penF3.1,2020-12-08,2020-12-08 23:59:59,1,0.6,0.6,0.0,medium,policy:caution rule: management: feed_drop,"급이기 작동, 사료 잔량, 급이 스케줄, 섭취 저하 원인 확인",not_available,측정 없음,온도 데이터 없음
management-0189,management,3,watch,clearfarm_rule_policy,ClearFarm,clearfarm:exp1:penB3.1,2020-12-11,2020-12-11 23:59:59,1,0.6,0.6,0.0,medium,policy:caution rule: management: feed_drop,"급이기 작동, 사료 잔량, 급이 스케줄, 섭취 저하 원인 확인",not_available,측정 없음,온도 데이터 없음
management-0190,management,3,watch,clearfarm_rule_policy,ClearFarm,clearfarm:exp1:penC2.1,2020-12-11,2020-12-11 23:59:59,1,0.6,0.6,0.0,medium,policy:caution rule: management: feed_drop,"급이기 작동, 사료 잔량, 급이 스케줄, 섭취 저하 원인 확인",not_available,측정 없음,온도 데이터 없음
management-0191,management,3,watch,clearfarm_rule_policy,ClearFarm,clearfarm:exp1:penC3.1,2020-12-11,2020-12-11 23:59:59,1,0.6,0.6,0.0,medium,policy:caution rule: management: feed_drop,"급이기 작동, 사료 잔량, 급이 스케줄, 섭취 저하 원인 확인",not_available,측정 없음,온도 데이터 없음
management-0192,management,3,watch,clearfarm_rule_policy,ClearFarm,clearfarm:exp1:penD3.1,2020-12-11,2020-12-11 23:59:59,1,0.6,0.6,0.0,medium,policy:caution rule: management: feed_drop,"급이기 작동, 사료 잔량, 급이 스케줄, 섭취 저하 원인 확인",not_available,측정 없음,온도 데이터 없음
management-0193,management,3,watch,clearfarm_rule_policy,ClearFarm,clearfarm:exp1:penF2.1,2020-12-11,2020-12-11 23:59:59,1,0.6,0.6,0.0,medium,policy:caution rule: management: feed_drop,"급이기 작동, 사료 잔량, 급이 스케줄, 섭취 저하 원인 확인",not_available,측정 없음,온도 데이터 없음
management-0194,management,3,watch,clearfarm_rule_policy,ClearFarm,clearfarm:exp1:penA2.1,2020-12-15,2020-12-15 23:59:59,1,0.6,0.6,0.0,medium,policy:caution rule: management: feed_drop,"급이기 작동, 사료 잔량, 급이 스케줄, 섭취 저하 원인 확인",not_available,측정 없음,온도 데이터 없음
management-0195,management,3,watch,clearfarm_rule_policy,ClearFarm,clearfarm:exp1:penB2.1,2020-12-15,2020-12-15 23:59:59,1,0.6,0.6,0.0,medium,policy:caution rule: management: feed_drop,"급이기 작동, 사료 잔량, 급이 스케줄, 섭취 저하 원인 확인",not_available,측정 없음,온도 데이터 없음
management-0196,management,3,watch,clearfarm_rule_policy,ClearFarm,clearfarm:exp1:penB3.1,2020-12-15,2020-12-15 23:59:59,1,0.6,0.6,0.0,medium,policy:caution rule: management: feed_drop,"급이기 작동, 사료 잔량, 급이 스케줄, 섭취 저하 원인 확인",not_available,측정 없음,온도 데이터 없음
management-0197,management,3,watch,clearfarm_rule_policy,ClearFarm,clearfarm:exp1:penC2.1,2020-12-15,2020-12-15 23:59:59,1,0.6,0.6,0.0,medium,policy:caution rule: management: feed_drop,"급이기 작동, 사료 잔량, 급이 스케줄, 섭취 저하 원인 확인",not_available,측정 없음,온도 데이터 없음
management-0198,management,3,watch,clearfarm_rule_policy,ClearFarm,clearfarm:exp1:penC3.1,2020-12-15,2020-12-15 23:59:59,1,0.6,0.6,0.0,medium,policy:caution rule: management: feed_drop,"급이기 작동, 사료 잔량, 급이 스케줄, 섭취 저하 원인 확인",not_available,측정 없음,온도 데이터 없음
management-0199,management,3,watch,clearfarm_rule_policy,ClearFarm,clearfarm:exp1:penD2.1,2020-12-15,2020-12-15 23:59:59,1,0.6,0.6,0.0,medium,policy:caution rule: management: feed_drop,"급이기 작동, 사료 잔량, 급이 스케줄, 섭취 저하 원인 확인",not_available,측정 없음,온도 데이터 없음
management-0200,management,3,watch,clearfarm_rule_policy,ClearFarm,clearfarm:exp1:penD3.1,2020-12-15,2020-12-15 23:59:59,1,0.6,0.6,0.0,medium,policy:caution rule: management: feed_drop,"급이기 작동, 사료 잔량, 급이 스케줄, 섭취 저하 원인 확인",not_available,측정 없음,온도 데이터 없음
management-0201,management,3,watch,clearfarm_rule_policy,ClearFarm,clearfarm:exp1:penF2.1,2020-12-15,2020-12-15 23:59:59,1,0.6,0.6,0.0,medium,policy:caution rule: management: feed_drop,"급이기 작동, 사료 잔량, 급이 스케줄, 섭취 저하 원인 확인",not_available,측정 없음,온도 데이터 없음
management-0202,management,3,watch,clearfarm_rule_policy,ClearFarm,clearfarm:exp1:penF3.1,2020-12-15,2020-12-15 23:59:59,1,0.6,0.6,0.0,medium,policy:caution rule: management: feed_drop,"급이기 작동, 사료 잔량, 급이 스케줄, 섭취 저하 원인 확인",not_available,측정 없음,온도 데이터 없음
management-0203,management,3,watch,clearfarm_rule_policy,ClearFarm,clearfarm:exp1:penB3.1,2020-12-18,2020-12-18 23:59:59,1,0.6,0.6,0.0,medium,policy:caution rule: management: feed_drop,"급이기 작동, 사료 잔량, 급이 스케줄, 섭취 저하 원인 확인",not_available,측정 없음,온도 데이터 없음
management-0204,management,3,watch,clearfarm_rule_policy,ClearFarm,clearfarm:exp1:penC2.1,2020-12-18,2020-12-18 23:59:59,1,0.6,0.6,0.0,medium,policy:caution rule: management: feed_drop,"급이기 작동, 사료 잔량, 급이 스케줄, 섭취 저하 원인 확인",not_available,측정 없음,온도 데이터 없음
management-0205,management,3,watch,clearfarm_rule_policy,ClearFarm,clearfarm:exp1:penC3.1,2020-12-18,2020-12-18 23:59:59,1,0.6,0.6,0.0,medium,policy:caution rule: management: feed_drop,"급이기 작동, 사료 잔량, 급이 스케줄, 섭취 저하 원인 확인",not_available,측정 없음,온도 데이터 없음
management-0206,management,3,watch,clearfarm_rule_policy,ClearFarm,clearfarm:exp1:penF3.1,2020-12-18,2020-12-18 23:59:59,1,0.6,0.6,0.0,medium,policy:caution rule: management: feed_drop,"급이기 작동, 사료 잔량, 급이 스케줄, 섭취 저하 원인 확인",not_available,측정 없음,온도 데이터 없음
management-0207,management,3,watch,clearfarm_rule_policy,ClearFarm,clearfarm:exp1:penA2.1,2020-12-22,2020-12-22 23:59:59,1,0.6,0.6,0.0,medium,policy:caution rule: management: feed_drop,"급이기 작동, 사료 잔량, 급이 스케줄, 섭취 저하 원인 확인",not_available,측정 없음,온도 데이터 없음
management-0208,management,3,watch,clearfarm_rule_policy,ClearFarm,clearfarm:exp1:penC3.1,2020-12-22,2020-12-22 23:59:59,1,0.6,0.6,0.0,medium,policy:caution rule: management: feed_drop,"급이기 작동, 사료 잔량, 급이 스케줄, 섭취 저하 원인 확인",not_available,측정 없음,온도 데이터 없음
management-0209,management,3,watch,clearfarm_rule_policy,ClearFarm,clearfarm:exp1:penD2.1,2020-12-22,2020-12-22 23:59:59,1,0.6,0.6,0.0,medium,policy:caution rule: management: feed_drop,"급이기 작동, 사료 잔량, 급이 스케줄, 섭취 저하 원인 확인",not_available,측정 없음,온도 데이터 없음
management-0210,management,3,watch,clearfarm_rule_policy,ClearFarm,clearfarm:exp1:penD3.1,2020-12-22,2020-12-22 23:59:59,1,0.6,0.6,0.0,medium,policy:caution rule: management: feed_drop,"급이기 작동, 사료 잔량, 급이 스케줄, 섭취 저하 원인 확인",not_available,측정 없음,온도 데이터 없음
management-0211,management,3,watch,clearfarm_rule_policy,ClearFarm,clearfarm:exp1:penF2.1,2020-12-22,2020-12-22 23:59:59,1,0.6,0.6,0.0,medium,policy:caution rule: management: feed_drop,"급이기 작동, 사료 잔량, 급이 스케줄, 섭취 저하 원인 확인",not_available,측정 없음,온도 데이터 없음
management-0212,management,3,watch,clearfarm_rule_policy,ClearFarm,clearfarm:exp1:penA2.1,2020-12-26,2020-12-26 23:59:59,1,0.6,0.6,0.0,medium,policy:caution rule: management: feed_drop,"급이기 작동, 사료 잔량, 급이 스케줄, 섭취 저하 원인 확인",not_available,측정 없음,온도 데이터 없음
management-0213,management,3,watch,clearfarm_rule_policy,ClearFarm,clearfarm:exp1:penA3.1,2020-12-26,2020-12-26 23:59:59,1,0.6,0.6,0.0,medium,policy:caution rule: management: feed_drop,"급이기 작동, 사료 잔량, 급이 스케줄, 섭취 저하 원인 확인",not_available,측정 없음,온도 데이터 없음
management-0214,management,3,watch,clearfarm_rule_policy,ClearFarm,clearfarm:exp1:penB2.1,2020-12-26,2020-12-26 23:59:59,1,0.6,0.6,0.0,medium,policy:caution rule: management: feed_drop,"급이기 작동, 사료 잔량, 급이 스케줄, 섭취 저하 원인 확인",not_available,측정 없음,온도 데이터 없음
management-0215,management,3,watch,clearfarm_rule_policy,ClearFarm,clearfarm:exp1:penC2.1,2020-12-26,2020-12-26 23:59:59,1,0.6,0.6,0.0,medium,policy:caution rule: management: feed_drop,"급이기 작동, 사료 잔량, 급이 스케줄, 섭취 저하 원인 확인",not_available,측정 없음,온도 데이터 없음
management-0216,management,3,watch,clearfarm_rule_policy,ClearFarm,clearfarm:exp1:penC3.1,2020-12-26,2020-12-26 23:59:59,1,0.6,0.6,0.0,medium,policy:caution rule: management: feed_drop,"급이기 작동, 사료 잔량, 급이 스케줄, 섭취 저하 원인 확인",not_available,측정 없음,온도 데이터 없음
management-0217,management,3,watch,clearfarm_rule_policy,ClearFarm,clearfarm:exp1:penA3.1,2020-12-29,2020-12-29 23:59:59,1,0.6,0.6,0.0,medium,policy:caution rule: management: feed_drop,"급이기 작동, 사료 잔량, 급이 스케줄, 섭취 저하 원인 확인",not_available,측정 없음,온도 데이터 없음
management-0218,management,3,watch,clearfarm_rule_policy,ClearFarm,clearfarm:exp1:penB3.1,2020-12-29,2020-12-29 23:59:59,1,0.6,0.6,0.0,medium,policy:caution rule: management: feed_drop,"급이기 작동, 사료 잔량, 급이 스케줄, 섭취 저하 원인 확인",not_available,측정 없음,온도 데이터 없음
management-0219,management,3,watch,clearfarm_rule_policy,ClearFarm,clearfarm:exp1:penD2.1,2020-12-29,2020-12-29 23:59:59,1,0.6,0.6,0.0,medium,policy:caution rule: management: feed_drop,"급이기 작동, 사료 잔량, 급이 스케줄, 섭취 저하 원인 확인",not_available,측정 없음,온도 데이터 없음
management-0220,management,3,watch,clearfarm_rule_policy,ClearFarm,clearfarm:exp1:penF2.1,2020-12-29,2020-12-29 23:59:59,1,0.6,0.6,0.0,medium,policy:caution rule: management: feed_drop,"급이기 작동, 사료 잔량, 급이 스케줄, 섭취 저하 원인 확인",not_available,측정 없음,온도 데이터 없음
management-0221,management,3,watch,clearfarm_rule_policy,ClearFarm,clearfarm:exp1:penF3.1,2020-12-29,2020-12-29 23:59:59,1,0.6,0.6,0.0,medium,policy:caution rule: management: feed_drop,"급이기 작동, 사료 잔량, 급이 스케줄, 섭취 저하 원인 확인",not_available,측정 없음,온도 데이터 없음
management-0222,management,3,watch,clearfarm_rule_policy,ClearFarm,clearfarm:exp1:penA2.1,2021-01-02,2021-01-02 23:59:59,1,0.6,0.6,0.0,medium,policy:caution rule: management: feed_drop,"급이기 작동, 사료 잔량, 급이 스케줄, 섭취 저하 원인 확인",not_available,측정 없음,온도 데이터 없음
management-0223,management,3,watch,clearfarm_rule_policy,ClearFarm,clearfarm:exp1:penB3.1,2021-01-02,2021-01-02 23:59:59,1,0.6,0.6,0.0,medium,policy:caution rule: management: feed_drop,"급이기 작동, 사료 잔량, 급이 스케줄, 섭취 저하 원인 확인",not_available,측정 없음,온도 데이터 없음
management-0224,management,3,watch,clearfarm_rule_policy,ClearFarm,clearfarm:exp1:penC3.1,2021-01-02,2021-01-02 23:59:59,1,0.6,0.6,0.0,medium,policy:caution rule: management: feed_drop,"급이기 작동, 사료 잔량, 급이 스케줄, 섭취 저하 원인 확인",not_available,측정 없음,온도 데이터 없음
management-0225,management,3,watch,clearfarm_rule_policy,ClearFarm,clearfarm:exp1:penD2.1,2021-01-02,2021-01-02 23:59:59,1,0.6,0.6,0.0,medium,policy:caution rule: management: feed_drop,"급이기 작동, 사료 잔량, 급이 스케줄, 섭취 저하 원인 확인",not_available,측정 없음,온도 데이터 없음
management-0226,management,3,watch,clearfarm_rule_policy,ClearFarm,clearfarm:exp1:penF2.1,2021-01-02,2021-01-02 23:59:59,1,0.6,0.6,0.0,medium,policy:caution rule: management: feed_drop,"급이기 작동, 사료 잔량, 급이 스케줄, 섭취 저하 원인 확인",not_available,측정 없음,온도 데이터 없음
management-0227,management,3,watch,clearfarm_rule_policy,ClearFarm,clearfarm:exp1:penC2.1,2021-01-05,2021-01-05 23:59:59,1,0.6,0.6,0.0,medium,policy:caution rule: management: feed_drop,"급이기 작동, 사료 잔량, 급이 스케줄, 섭취 저하 원인 확인",not_available,측정 없음,온도 데이터 없음
management-0228,management,3,watch,clearfarm_rule_policy,ClearFarm,clearfarm:exp1:penF3.1,2021-01-05,2021-01-05 23:59:59,1,0.6,0.6,0.0,medium,policy:caution rule: management: feed_drop,"급이기 작동, 사료 잔량, 급이 스케줄, 섭취 저하 원인 확인",not_available,측정 없음,온도 데이터 없음
management-0229,management,3,watch,clearfarm_rule_policy,ClearFarm,clearfarm:exp1:penB2.1,2021-01-08,2021-01-08 23:59:59,1,0.6,0.6,0.0,medium,policy:caution rule: management: feed_drop,"급이기 작동, 사료 잔량, 급이 스케줄, 섭취 저하 원인 확인",not_available,측정 없음,온도 데이터 없음
management-0230,management,3,watch,clearfarm_rule_policy,ClearFarm,clearfarm:exp1:penB3.1,2021-01-08,2021-01-08 23:59:59,1,0.6,0.6,0.0,medium,policy:caution rule: management: feed_drop,"급이기 작동, 사료 잔량, 급이 스케줄, 섭취 저하 원인 확인",not_available,측정 없음,온도 데이터 없음
management-0231,management,3,watch,clearfarm_rule_policy,ClearFarm,clearfarm:exp1:penC3.1,2021-01-08,2021-01-08 23:59:59,1,0.6,0.6,0.0,medium,policy:caution rule: management: feed_drop,"급이기 작동, 사료 잔량, 급이 스케줄, 섭취 저하 원인 확인",not_available,측정 없음,온도 데이터 없음
management-0232,management,3,watch,clearfarm_rule_policy,ClearFarm,clearfarm:exp1:penD2.1,2021-01-08,2021-01-08 23:59:59,1,0.6,0.6,0.0,medium,policy:caution rule: management: feed_drop,"급이기 작동, 사료 잔량, 급이 스케줄, 섭취 저하 원인 확인",not_available,측정 없음,온도 데이터 없음
management-0233,management,3,watch,clearfarm_rule_policy,ClearFarm,clearfarm:exp1:penF2.1,2021-01-08,2021-01-08 23:59:59,1,0.6,0.6,0.0,medium,policy:caution rule: management: feed_drop,"급이기 작동, 사료 잔량, 급이 스케줄, 섭취 저하 원인 확인",not_available,측정 없음,온도 데이터 없음
management-0234,management,3,watch,clearfarm_rule_policy,ClearFarm,clearfarm:exp1:penA2.1,2021-01-12,2021-01-12 23:59:59,1,0.6,0.6,0.0,medium,policy:caution rule: management: feed_drop,"급이기 작동, 사료 잔량, 급이 스케줄, 섭취 저하 원인 확인",not_available,측정 없음,온도 데이터 없음
management-0235,management,3,watch,clearfarm_rule_policy,ClearFarm,clearfarm:exp1:penA3.1,2021-01-12,2021-01-12 23:59:59,1,0.6,0.6,0.0,medium,policy:caution rule: management: feed_drop,"급이기 작동, 사료 잔량, 급이 스케줄, 섭취 저하 원인 확인",not_available,측정 없음,온도 데이터 없음
management-0236,management,3,watch,clearfarm_rule_policy,ClearFarm,clearfarm:exp1:penB2.1,2021-01-12,2021-01-12 23:59:59,1,0.6,0.6,0.0,medium,policy:caution rule: management: feed_drop,"급이기 작동, 사료 잔량, 급이 스케줄, 섭취 저하 원인 확인",not_available,측정 없음,온도 데이터 없음
management-0237,management,3,watch,clearfarm_rule_policy,ClearFarm,clearfarm:exp1:penB3.1,2021-01-12,2021-01-12 23:59:59,1,0.6,0.6,0.0,medium,policy:caution rule: management: feed_drop,"급이기 작동, 사료 잔량, 급이 스케줄, 섭취 저하 원인 확인",not_available,측정 없음,온도 데이터 없음
management-0238,management,3,watch,clearfarm_rule_policy,ClearFarm,clearfarm:exp1:penC2.1,2021-01-12,2021-01-12 23:59:59,1,0.6,0.6,0.0,medium,policy:caution rule: management: feed_drop,"급이기 작동, 사료 잔량, 급이 스케줄, 섭취 저하 원인 확인",not_available,측정 없음,온도 데이터 없음
management-0239,management,3,watch,clearfarm_rule_policy,ClearFarm,clearfarm:exp1:penD2.1,2021-01-12,2021-01-12 23:59:59,1,0.6,0.6,0.0,medium,policy:caution rule: management: feed_drop,"급이기 작동, 사료 잔량, 급이 스케줄, 섭취 저하 원인 확인",not_available,측정 없음,온도 데이터 없음
management-0240,management,3,watch,clearfarm_rule_policy,ClearFarm,clearfarm:exp1:penD3.1,2021-01-12,2021-01-12 23:59:59,1,0.6,0.6,0.0,medium,policy:caution rule: management: feed_drop,"급이기 작동, 사료 잔량, 급이 스케줄, 섭취 저하 원인 확인",not_available,측정 없음,온도 데이터 없음
management-0241,management,3,watch,clearfarm_rule_policy,ClearFarm,clearfarm:exp1:penF2.1,2021-01-12,2021-01-12 23:59:59,1,0.6,0.6,0.0,medium,policy:caution rule: management: feed_drop,"급이기 작동, 사료 잔량, 급이 스케줄, 섭취 저하 원인 확인",not_available,측정 없음,온도 데이터 없음
management-0242,management,3,watch,clearfarm_rule_policy,ClearFarm,clearfarm:exp1:penF3.1,2021-01-12,2021-01-12 23:59:59,1,0.6,0.6,0.0,medium,policy:caution rule: management: feed_drop,"급이기 작동, 사료 잔량, 급이 스케줄, 섭취 저하 원인 확인",not_available,측정 없음,온도 데이터 없음
management-0243,management,3,watch,clearfarm_rule_policy,ClearFarm,clearfarm:exp1:penA2.1,2021-01-15,2021-01-15 23:59:59,1,0.6,0.6,0.0,medium,policy:caution rule: management: feed_drop,"급이기 작동, 사료 잔량, 급이 스케줄, 섭취 저하 원인 확인",not_available,측정 없음,온도 데이터 없음
management-0244,management,3,watch,clearfarm_rule_policy,ClearFarm,clearfarm:exp1:penB3.1,2021-01-15,2021-01-15 23:59:59,1,0.6,0.6,0.0,medium,policy:caution rule: management: feed_drop,"급이기 작동, 사료 잔량, 급이 스케줄, 섭취 저하 원인 확인",not_available,측정 없음,온도 데이터 없음
management-0245,management,3,watch,clearfarm_rule_policy,ClearFarm,clearfarm:exp1:penF2.1,2021-01-15,2021-01-15 23:59:59,1,0.6,0.6,0.0,medium,policy:caution rule: management: feed_drop,"급이기 작동, 사료 잔량, 급이 스케줄, 섭취 저하 원인 확인",not_available,측정 없음,온도 데이터 없음
management-0246,management,3,watch,clearfarm_rule_policy,ClearFarm,clearfarm:exp1:penA2.1,2021-01-19,2021-01-19 23:59:59,1,0.6,0.6,0.0,medium,policy:caution rule: management: feed_drop,"급이기 작동, 사료 잔량, 급이 스케줄, 섭취 저하 원인 확인",not_available,측정 없음,온도 데이터 없음
management-0247,management,3,watch,clearfarm_rule_policy,ClearFarm,clearfarm:exp1:penB3.1,2021-01-19,2021-01-19 23:59:59,1,0.6,0.6,0.0,medium,policy:caution rule: management: feed_drop,"급이기 작동, 사료 잔량, 급이 스케줄, 섭취 저하 원인 확인",not_available,측정 없음,온도 데이터 없음
management-0248,management,3,watch,clearfarm_rule_policy,ClearFarm,clearfarm:exp1:penC2.1,2021-01-19,2021-01-19 23:59:59,1,0.6,0.6,0.0,medium,policy:caution rule: management: feed_drop,"급이기 작동, 사료 잔량, 급이 스케줄, 섭취 저하 원인 확인",not_available,측정 없음,온도 데이터 없음
management-0249,management,3,watch,clearfarm_rule_policy,ClearFarm,clearfarm:exp1:penF2.1,2021-01-19,2021-01-19 23:59:59,1,0.6,0.6,0.0,medium,policy:caution rule: management: feed_drop,"급이기 작동, 사료 잔량, 급이 스케줄, 섭취 저하 원인 확인",not_available,측정 없음,온도 데이터 없음
management-0250,management,3,watch,clearfarm_rule_policy,ClearFarm,clearfarm:exp1:penD2.1,2021-01-22,2021-01-22 23:59:59,1,0.6,0.6,0.0,medium,policy:caution rule: management: feed_drop,"급이기 작동, 사료 잔량, 급이 스케줄, 섭취 저하 원인 확인",not_available,측정 없음,온도 데이터 없음
management-0251,management,3,watch,clearfarm_rule_policy,ClearFarm,clearfarm:exp1:penF3.1,2021-01-22,2021-01-22 23:59:59,1,0.6,0.6,0.0,medium,policy:caution rule: management: feed_drop,"급이기 작동, 사료 잔량, 급이 스케줄, 섭취 저하 원인 확인",not_available,측정 없음,온도 데이터 없음
management-0252,management,3,watch,clearfarm_rule_policy,ClearFarm,clearfarm:exp1:penA2.1,2021-01-26,2021-01-26 23:59:59,1,0.6,0.6,0.0,medium,policy:caution rule: management: feed_drop,"급이기 작동, 사료 잔량, 급이 스케줄, 섭취 저하 원인 확인",not_available,측정 없음,온도 데이터 없음
management-0253,management,3,watch,clearfarm_rule_policy,ClearFarm,clearfarm:exp1:penB3.1,2021-01-26,2021-01-26 23:59:59,1,0.6,0.6,0.0,medium,policy:caution rule: management: feed_drop,"급이기 작동, 사료 잔량, 급이 스케줄, 섭취 저하 원인 확인",not_available,측정 없음,온도 데이터 없음
management-0254,management,3,watch,clearfarm_rule_policy,ClearFarm,clearfarm:exp1:penC3.1,2021-01-26,2021-01-26 23:59:59,1,0.6,0.6,0.0,medium,policy:caution rule: management: feed_drop,"급이기 작동, 사료 잔량, 급이 스케줄, 섭취 저하 원인 확인",not_available,측정 없음,온도 데이터 없음
management-0255,management,3,watch,clearfarm_rule_policy,ClearFarm,clearfarm:exp1:penD2.1,2021-01-26,2021-01-26 23:59:59,1,0.6,0.6,0.0,medium,policy:caution rule: management: feed_drop,"급이기 작동, 사료 잔량, 급이 스케줄, 섭취 저하 원인 확인",not_available,측정 없음,온도 데이터 없음
management-0256,management,3,watch,clearfarm_rule_policy,ClearFarm,clearfarm:exp1:penD3.1,2021-01-26,2021-01-26 23:59:59,1,0.6,0.6,0.0,medium,policy:caution rule: management: feed_drop,"급이기 작동, 사료 잔량, 급이 스케줄, 섭취 저하 원인 확인",not_available,측정 없음,온도 데이터 없음
management-0257,management,3,watch,clearfarm_rule_policy,ClearFarm,clearfarm:exp1:penF2.1,2021-01-26,2021-01-26 23:59:59,1,0.6,0.6,0.0,medium,policy:caution rule: management: feed_drop,"급이기 작동, 사료 잔량, 급이 스케줄, 섭취 저하 원인 확인",not_available,측정 없음,온도 데이터 없음
management-0258,management,3,watch,clearfarm_rule_policy,ClearFarm,clearfarm:exp1:penA2.1,2021-01-29,2021-01-29 23:59:59,1,0.6,0.6,0.0,medium,policy:caution rule: management: feed_drop,"급이기 작동, 사료 잔량, 급이 스케줄, 섭취 저하 원인 확인",not_available,측정 없음,온도 데이터 없음
management-0259,management,3,watch,clearfarm_rule_policy,ClearFarm,clearfarm:exp1:penA3.1,2021-01-29,2021-01-29 23:59:59,1,0.6,0.6,0.0,medium,policy:caution rule: management: feed_drop,"급이기 작동, 사료 잔량, 급이 스케줄, 섭취 저하 원인 확인",not_available,측정 없음,온도 데이터 없음
management-0260,management,3,watch,clearfarm_rule_policy,ClearFarm,clearfarm:exp1:penB3.1,2021-01-29,2021-01-29 23:59:59,1,0.6,0.6,0.0,medium,policy:caution rule: management: feed_drop,"급이기 작동, 사료 잔량, 급이 스케줄, 섭취 저하 원인 확인",not_available,측정 없음,온도 데이터 없음
management-0261,management,3,watch,clearfarm_rule_policy,ClearFarm,clearfarm:exp1:penB3.1,2021-02-02,2021-02-02 23:59:59,1,0.6,0.6,0.0,medium,policy:caution rule: management: feed_drop,"급이기 작동, 사료 잔량, 급이 스케줄, 섭취 저하 원인 확인",not_available,측정 없음,온도 데이터 없음
management-0262,management,3,watch,clearfarm_rule_policy,ClearFarm,clearfarm:exp1:penC3.1,2021-02-02,2021-02-02 23:59:59,1,0.6,0.6,0.0,medium,policy:caution rule: management: feed_drop,"급이기 작동, 사료 잔량, 급이 스케줄, 섭취 저하 원인 확인",not_available,측정 없음,온도 데이터 없음
management-0263,management,3,watch,clearfarm_rule_policy,ClearFarm,clearfarm:exp1:penD2.1,2021-02-02,2021-02-02 23:59:59,1,0.6,0.6,0.0,medium,policy:caution rule: management: feed_drop,"급이기 작동, 사료 잔량, 급이 스케줄, 섭취 저하 원인 확인",not_available,측정 없음,온도 데이터 없음
management-0264,management,3,watch,clearfarm_rule_policy,ClearFarm,clearfarm:exp1:penF2.1,2021-02-02,2021-02-02 23:59:59,1,0.6,0.6,0.0,medium,policy:caution rule: management: feed_drop,"급이기 작동, 사료 잔량, 급이 스케줄, 섭취 저하 원인 확인",not_available,측정 없음,온도 데이터 없음
management-0265,management,3,watch,clearfarm_rule_policy,ClearFarm,clearfarm:exp1:penF3.1,2021-02-02,2021-02-02 23:59:59,1,0.6,0.6,0.0,medium,policy:caution rule: management: feed_drop,"급이기 작동, 사료 잔량, 급이 스케줄, 섭취 저하 원인 확인",not_available,측정 없음,온도 데이터 없음
management-0266,management,3,watch,clearfarm_rule_policy,ClearFarm,clearfarm:exp1:penA2.1,2021-02-05,2021-02-05 23:59:59,1,0.6,0.6,0.0,medium,policy:caution rule: management: feed_drop,"급이기 작동, 사료 잔량, 급이 스케줄, 섭취 저하 원인 확인",not_available,측정 없음,온도 데이터 없음
management-0267,management,3,watch,clearfarm_rule_policy,ClearFarm,clearfarm:exp1:penB3.1,2021-02-05,2021-02-05 23:59:59,1,0.6,0.6,0.0,medium,policy:caution rule: management: feed_drop,"급이기 작동, 사료 잔량, 급이 스케줄, 섭취 저하 원인 확인",not_available,측정 없음,온도 데이터 없음
management-0268,management,3,watch,clearfarm_rule_policy,ClearFarm,clearfarm:exp1:penF2.1,2021-02-05,2021-02-05 23:59:59,1,0.6,0.6,0.0,medium,policy:caution rule: management: feed_drop,"급이기 작동, 사료 잔량, 급이 스케줄, 섭취 저하 원인 확인",not_available,측정 없음,온도 데이터 없음
management-0269,management,3,watch,clearfarm_rule_policy,ClearFarm,clearfarm:exp1:penA2.1,2021-02-09,2021-02-09 23:59:59,1,0.6,0.6,0.0,medium,policy:caution rule: management: feed_drop,"급이기 작동, 사료 잔량, 급이 스케줄, 섭취 저하 원인 확인",not_available,측정 없음,온도 데이터 없음
management-0270,management,3,watch,clearfarm_rule_policy,ClearFarm,clearfarm:exp1:penB3.1,2021-02-09,2021-02-09 23:59:59,1,0.6,0.6,0.0,medium,policy:caution rule: management: feed_drop,"급이기 작동, 사료 잔량, 급이 스케줄, 섭취 저하 원인 확인",not_available,측정 없음,온도 데이터 없음
management-0271,management,3,watch,clearfarm_rule_policy,ClearFarm,clearfarm:exp1:penC3.1,2021-02-09,2021-02-09 23:59:59,1,0.6,0.6,0.0,medium,policy:caution rule: management: feed_drop,"급이기 작동, 사료 잔량, 급이 스케줄, 섭취 저하 원인 확인",not_available,측정 없음,온도 데이터 없음
management-0272,management,3,watch,clearfarm_rule_policy,ClearFarm,clearfarm:exp1:penD2.1,2021-02-09,2021-02-09 23:59:59,1,0.6,0.6,0.0,medium,policy:caution rule: management: feed_drop,"급이기 작동, 사료 잔량, 급이 스케줄, 섭취 저하 원인 확인",not_available,측정 없음,온도 데이터 없음
management-0273,management,3,watch,clearfarm_rule_policy,ClearFarm,clearfarm:exp1:penB2.1,2021-02-12,2021-02-12 23:59:59,1,0.6,0.6,0.0,medium,policy:caution rule: management: feed_drop,"급이기 작동, 사료 잔량, 급이 스케줄, 섭취 저하 원인 확인",not_available,측정 없음,온도 데이터 없음
management-0274,management,3,watch,clearfarm_rule_policy,ClearFarm,clearfarm:exp1:penB3.1,2021-02-12,2021-02-12 23:59:59,1,0.6,0.6,0.0,medium,policy:caution rule: management: feed_drop,"급이기 작동, 사료 잔량, 급이 스케줄, 섭취 저하 원인 확인",not_available,측정 없음,온도 데이터 없음
management-0275,management,3,watch,clearfarm_rule_policy,ClearFarm,clearfarm:exp1:penD2.1,2021-02-12,2021-02-12 23:59:59,1,0.6,0.6,0.0,medium,policy:caution rule: management: feed_drop,"급이기 작동, 사료 잔량, 급이 스케줄, 섭취 저하 원인 확인",not_available,측정 없음,온도 데이터 없음
management-0276,management,3,watch,clearfarm_rule_policy,ClearFarm,clearfarm:exp1:penA2.1,2021-02-16,2021-02-16 23:59:59,1,0.6,0.6,0.0,medium,policy:caution rule: management: feed_drop,"급이기 작동, 사료 잔량, 급이 스케줄, 섭취 저하 원인 확인",not_available,측정 없음,온도 데이터 없음
management-0277,management,3,watch,clearfarm_rule_policy,ClearFarm,clearfarm:exp1:penB2.1,2021-02-19,2021-02-19 23:59:59,1,0.6,0.6,0.0,medium,policy:caution rule: management: feed_drop,"급이기 작동, 사료 잔량, 급이 스케줄, 섭취 저하 원인 확인",not_available,측정 없음,온도 데이터 없음
management-0278,management,3,watch,clearfarm_rule_policy,ClearFarm,clearfarm:exp1:penB3.1,2021-02-19,2021-02-19 23:59:59,1,0.6,0.6,0.0,medium,policy:caution rule: management: feed_drop,"급이기 작동, 사료 잔량, 급이 스케줄, 섭취 저하 원인 확인",not_available,측정 없음,온도 데이터 없음
management-0279,management,3,watch,clearfarm_rule_policy,ClearFarm,clearfarm:exp1:penC3.1,2021-02-19,2021-02-19 23:59:59,1,0.6,0.6,0.0,medium,policy:caution rule: management: feed_drop,"급이기 작동, 사료 잔량, 급이 스케줄, 섭취 저하 원인 확인",not_available,측정 없음,온도 데이터 없음
management-0280,management,3,watch,clearfarm_rule_policy,ClearFarm,clearfarm:exp1:penB2.1,2021-02-23,2021-02-23 23:59:59,1,0.6,0.6,0.0,medium,policy:caution rule: management: feed_drop,"급이기 작동, 사료 잔량, 급이 스케줄, 섭취 저하 원인 확인",not_available,측정 없음,온도 데이터 없음
management-0281,management,3,watch,clearfarm_rule_policy,ClearFarm,clearfarm:exp1:penD3.1,2021-03-02,2021-03-02 23:59:59,1,0.6,0.6,0.0,medium,policy:caution rule: management: feed_drop,"급이기 작동, 사료 잔량, 급이 스케줄, 섭취 저하 원인 확인",not_available,측정 없음,온도 데이터 없음
management-0282,management,3,watch,clearfarm_rule_policy,ClearFarm,clearfarm:exp1:penB3.1,2021-03-05,2021-03-05 23:59:59,1,0.6,0.6,0.0,medium,policy:caution rule: management: feed_drop,"급이기 작동, 사료 잔량, 급이 스케줄, 섭취 저하 원인 확인",not_available,측정 없음,온도 데이터 없음
management-0283,management,3,watch,clearfarm_rule_policy,ClearFarm,clearfarm:exp2:penA3.2,2021-09-07,2021-09-07 23:59:59,1,0.6,0.6,0.0,medium,policy:caution rule: management: feed_drop,"급이기 작동, 사료 잔량, 급이 스케줄, 섭취 저하 원인 확인",screening,선별,관찰/추세 확인 후보
management-0284,management,3,watch,clearfarm_rule_policy,ClearFarm,clearfarm:exp2:penB3.2,2021-09-07,2021-09-07 23:59:59,1,0.6,0.6,0.0,medium,policy:caution rule: management: feed_drop,"급이기 작동, 사료 잔량, 급이 스케줄, 섭취 저하 원인 확인",screening,선별,관찰/추세 확인 후보
management-0285,management,3,watch,clearfarm_rule_policy,ClearFarm,clearfarm:exp2:penC2.2,2021-09-07,2021-09-07 23:59:59,1,0.6,0.6,0.0,medium,policy:caution rule: management: feed_drop,"급이기 작동, 사료 잔량, 급이 스케줄, 섭취 저하 원인 확인",screening,선별,관찰/추세 확인 후보
management-0286,management,3,watch,clearfarm_rule_policy,ClearFarm,clearfarm:exp2:penD2.2,2021-09-07,2021-09-07 23:59:59,1,0.6,0.6,0.0,medium,policy:caution rule: management: feed_drop,"급이기 작동, 사료 잔량, 급이 스케줄, 섭취 저하 원인 확인",screening,선별,관찰/추세 확인 후보
management-0287,management,3,watch,clearfarm_rule_policy,ClearFarm,clearfarm:exp2:penF2.2,2021-09-07,2021-09-07 23:59:59,1,0.6,0.6,0.0,medium,policy:caution rule: management: feed_drop,"급이기 작동, 사료 잔량, 급이 스케줄, 섭취 저하 원인 확인",screening,선별,관찰/추세 확인 후보
management-0288,management,3,watch,clearfarm_rule_policy,ClearFarm,clearfarm:exp2:penB2.2,2021-09-10,2021-09-10 23:59:59,1,0.6,0.6,0.0,medium,policy:caution rule: management: feed_drop,"급이기 작동, 사료 잔량, 급이 스케줄, 섭취 저하 원인 확인",screening,선별,관찰/추세 확인 후보
management-0289,management,3,watch,clearfarm_rule_policy,ClearFarm,clearfarm:exp2:penC2.2,2021-09-10,2021-09-10 23:59:59,1,0.6,0.6,0.0,medium,policy:caution rule: management: feed_drop,"급이기 작동, 사료 잔량, 급이 스케줄, 섭취 저하 원인 확인",screening,선별,관찰/추세 확인 후보
management-0290,management,3,watch,clearfarm_rule_policy,ClearFarm,clearfarm:exp2:penD3.2,2021-09-10,2021-09-10 23:59:59,1,0.6,0.6,0.0,medium,policy:caution rule: management: feed_drop,"급이기 작동, 사료 잔량, 급이 스케줄, 섭취 저하 원인 확인",screening,선별,관찰/추세 확인 후보
management-0291,management,3,watch,clearfarm_rule_policy,ClearFarm,clearfarm:exp2:penF3.2,2021-09-10,2021-09-10 23:59:59,1,0.6,0.6,0.0,medium,policy:caution rule: management: feed_drop,"급이기 작동, 사료 잔량, 급이 스케줄, 섭취 저하 원인 확인",screening,선별,관찰/추세 확인 후보
management-0292,management,3,watch,clearfarm_rule_policy,ClearFarm,clearfarm:exp2:penA2.2,2021-09-14,2021-09-14 23:59:59,1,0.6,0.6,0.0,medium,policy:caution rule: management: feed_drop,"급이기 작동, 사료 잔량, 급이 스케줄, 섭취 저하 원인 확인",screening,선별,관찰/추세 확인 후보
management-0293,management,3,watch,clearfarm_rule_policy,ClearFarm,clearfarm:exp2:penA3.2,2021-09-14,2021-09-14 23:59:59,1,0.6,0.6,0.0,medium,policy:caution rule: management: feed_drop,"급이기 작동, 사료 잔량, 급이 스케줄, 섭취 저하 원인 확인",screening,선별,관찰/추세 확인 후보
management-0294,management,3,watch,clearfarm_rule_policy,ClearFarm,clearfarm:exp2:penD2.2,2021-09-14,2021-09-14 23:59:59,1,0.6,0.6,0.0,medium,policy:caution rule: management: feed_drop,"급이기 작동, 사료 잔량, 급이 스케줄, 섭취 저하 원인 확인",screening,선별,관찰/추세 확인 후보
management-0295,management,3,watch,clearfarm_rule_policy,ClearFarm,clearfarm:exp2:penA3.2,2021-09-17,2021-09-17 23:59:59,1,0.6,0.6,0.0,medium,policy:caution rule: management: feed_drop,"급이기 작동, 사료 잔량, 급이 스케줄, 섭취 저하 원인 확인",normal,정상 범위,온도 기준 이상 없음
management-0296,management,3,watch,clearfarm_rule_policy,ClearFarm,clearfarm:exp2:penB3.2,2021-09-17,2021-09-17 23:59:59,1,0.6,0.6,0.0,medium,policy:caution rule: management: feed_drop,"급이기 작동, 사료 잔량, 급이 스케줄, 섭취 저하 원인 확인",normal,정상 범위,온도 기준 이상 없음
management-0297,management,3,watch,clearfarm_rule_policy,ClearFarm,clearfarm:exp2:penC2.2,2021-09-17,2021-09-17 23:59:59,1,0.6,0.6,0.0,medium,policy:caution rule: management: feed_drop,"급이기 작동, 사료 잔량, 급이 스케줄, 섭취 저하 원인 확인",normal,정상 범위,온도 기준 이상 없음
management-0298,management,3,watch,clearfarm_rule_policy,ClearFarm,clearfarm:exp2:penC3.2,2021-09-17,2021-09-17 23:59:59,1,0.6,0.6,0.0,medium,policy:caution rule: management: feed_drop,"급이기 작동, 사료 잔량, 급이 스케줄, 섭취 저하 원인 확인",normal,정상 범위,온도 기준 이상 없음
management-0299,management,3,watch,clearfarm_rule_policy,ClearFarm,clearfarm:exp2:penD2.2,2021-09-17,2021-09-17 23:59:59,1,0.6,0.6,0.0,medium,policy:caution rule: management: feed_drop,"급이기 작동, 사료 잔량, 급이 스케줄, 섭취 저하 원인 확인",screening,선별,관찰/추세 확인 후보
management-0300,management,3,watch,clearfarm_rule_policy,ClearFarm,clearfarm:exp2:penD3.2,2021-09-17,2021-09-17 23:59:59,1,0.6,0.6,0.0,medium,policy:caution rule: management: feed_drop,"급이기 작동, 사료 잔량, 급이 스케줄, 섭취 저하 원인 확인",screening,선별,관찰/추세 확인 후보
management-0301,management,3,watch,clearfarm_rule_policy,ClearFarm,clearfarm:exp2:penF2.2,2021-09-17,2021-09-17 23:59:59,1,0.6,0.6,0.0,medium,policy:caution rule: management: feed_drop,"급이기 작동, 사료 잔량, 급이 스케줄, 섭취 저하 원인 확인",normal,정상 범위,온도 기준 이상 없음
management-0302,management,3,watch,clearfarm_rule_policy,ClearFarm,clearfarm:exp2:penC2.2,2021-09-24,2021-09-24 23:59:59,1,0.6,0.6,0.0,medium,policy:caution rule: management: feed_drop,"급이기 작동, 사료 잔량, 급이 스케줄, 섭취 저하 원인 확인",normal,정상 범위,온도 기준 이상 없음
management-0303,management,3,watch,clearfarm_rule_policy,ClearFarm,clearfarm:exp2:penD3.2,2021-09-24,2021-09-24 23:59:59,1,0.6,0.6,0.0,medium,policy:caution rule: management: feed_drop,"급이기 작동, 사료 잔량, 급이 스케줄, 섭취 저하 원인 확인",normal,정상 범위,온도 기준 이상 없음
management-0304,management,3,watch,clearfarm_rule_policy,ClearFarm,clearfarm:exp2:penF2.2,2021-09-24,2021-09-24 23:59:59,1,0.6,0.6,0.0,medium,policy:caution rule: management: feed_drop,"급이기 작동, 사료 잔량, 급이 스케줄, 섭취 저하 원인 확인",normal,정상 범위,온도 기준 이상 없음
management-0305,management,3,watch,clearfarm_rule_policy,ClearFarm,clearfarm:exp2:penA2.2,2021-09-28,2021-09-28 23:59:59,1,0.6,0.6,0.0,medium,policy:caution rule: management: feed_drop,"급이기 작동, 사료 잔량, 급이 스케줄, 섭취 저하 원인 확인",normal,정상 범위,온도 기준 이상 없음
management-0306,management,3,watch,clearfarm_rule_policy,ClearFarm,clearfarm:exp2:penD2.2,2021-10-05,2021-10-05 23:59:59,1,0.6,0.6,0.0,medium,policy:caution rule: management: feed_drop,"급이기 작동, 사료 잔량, 급이 스케줄, 섭취 저하 원인 확인",normal,정상 범위,온도 기준 이상 없음
management-0307,management,3,watch,clearfarm_rule_policy,ClearFarm,clearfarm:exp2:penA3.2,2021-10-19,2021-10-19 23:59:59,1,0.6,0.6,0.0,medium,policy:caution rule: management: feed_drop,"급이기 작동, 사료 잔량, 급이 스케줄, 섭취 저하 원인 확인",normal,정상 범위,온도 기준 이상 없음
management-0308,management,3,watch,clearfarm_rule_policy,ClearFarm,clearfarm:exp3:penC2.3,2022-05-17,2022-05-17 23:59:59,1,0.6,0.6,0.0,medium,policy:caution rule: management: feed_drop,"급이기 작동, 사료 잔량, 급이 스케줄, 섭취 저하 원인 확인",normal,정상 범위,온도 기준 이상 없음
management-0309,management,3,watch,clearfarm_rule_policy,ClearFarm,clearfarm:exp3:penA2.3,2022-05-20,2022-05-20 23:59:59,1,0.6,0.6,0.0,medium,policy:caution rule: management: feed_drop,"급이기 작동, 사료 잔량, 급이 스케줄, 섭취 저하 원인 확인",normal,정상 범위,온도 기준 이상 없음
management-0310,management,3,watch,clearfarm_rule_policy,ClearFarm,clearfarm:exp3:penA3.3,2022-05-20,2022-05-20 23:59:59,1,0.6,0.6,0.0,medium,policy:caution rule: management: feed_drop,"급이기 작동, 사료 잔량, 급이 스케줄, 섭취 저하 원인 확인",normal,정상 범위,온도 기준 이상 없음
management-0311,management,3,watch,clearfarm_rule_policy,ClearFarm,clearfarm:exp3:penC2.3,2022-05-20,2022-05-20 23:59:59,1,0.6,0.6,0.0,medium,policy:caution rule: management: feed_drop,"급이기 작동, 사료 잔량, 급이 스케줄, 섭취 저하 원인 확인",normal,정상 범위,온도 기준 이상 없음
management-0312,management,3,watch,clearfarm_rule_policy,ClearFarm,clearfarm:exp3:penD3.3,2022-05-20,2022-05-20 23:59:59,1,0.6,0.6,0.0,medium,policy:caution rule: management: feed_drop,"급이기 작동, 사료 잔량, 급이 스케줄, 섭취 저하 원인 확인",screening,선별,관찰/추세 확인 후보
management-0313,management,3,watch,clearfarm_rule_policy,ClearFarm,clearfarm:exp3:penB2.3,2022-05-24,2022-05-24 23:59:59,1,0.6,0.6,0.0,medium,policy:caution rule: management: feed_drop,"급이기 작동, 사료 잔량, 급이 스케줄, 섭취 저하 원인 확인",normal,정상 범위,온도 기준 이상 없음
management-0314,management,3,watch,clearfarm_rule_policy,ClearFarm,clearfarm:exp3:penB3.3,2022-05-24,2022-05-24 23:59:59,1,0.6,0.6,0.0,medium,policy:caution rule: management: feed_drop,"급이기 작동, 사료 잔량, 급이 스케줄, 섭취 저하 원인 확인",normal,정상 범위,온도 기준 이상 없음
management-0315,management,3,watch,clearfarm_rule_policy,ClearFarm,clearfarm:exp3:penB3.3,2022-05-27,2022-05-27 23:59:59,1,0.6,0.6,0.0,medium,policy:caution rule: management: feed_drop,"급이기 작동, 사료 잔량, 급이 스케줄, 섭취 저하 원인 확인",normal,정상 범위,온도 기준 이상 없음
management-0316,management,3,watch,clearfarm_rule_policy,ClearFarm,clearfarm:exp3:penC3.3,2022-05-27,2022-05-27 23:59:59,1,0.6,0.6,0.0,medium,policy:caution rule: management: feed_drop,"급이기 작동, 사료 잔량, 급이 스케줄, 섭취 저하 원인 확인",normal,정상 범위,온도 기준 이상 없음
management-0317,management,3,watch,clearfarm_rule_policy,ClearFarm,clearfarm:exp3:penD2.3,2022-05-27,2022-05-27 23:59:59,1,0.6,0.6,0.0,medium,policy:caution rule: management: feed_drop,"급이기 작동, 사료 잔량, 급이 스케줄, 섭취 저하 원인 확인",normal,정상 범위,온도 기준 이상 없음
management-0318,management,3,watch,clearfarm_rule_policy,ClearFarm,clearfarm:exp3:penF3.3,2022-05-27,2022-05-27 23:59:59,1,0.6,0.6,0.0,medium,policy:caution rule: management: feed_drop,"급이기 작동, 사료 잔량, 급이 스케줄, 섭취 저하 원인 확인",normal,정상 범위,온도 기준 이상 없음
management-0319,management,3,watch,clearfarm_rule_policy,ClearFarm,clearfarm:exp3:penA3.3,2022-06-07,2022-06-07 23:59:59,1,0.6,0.6,0.0,medium,policy:caution rule: management: feed_drop,"급이기 작동, 사료 잔량, 급이 스케줄, 섭취 저하 원인 확인",normal,정상 범위,온도 기준 이상 없음
management-0320,management,3,watch,clearfarm_rule_policy,ClearFarm,clearfarm:exp3:penB2.3,2022-06-07,2022-06-07 23:59:59,1,0.6,0.6,0.0,medium,policy:caution rule: management: feed_drop,"급이기 작동, 사료 잔량, 급이 스케줄, 섭취 저하 원인 확인",normal,정상 범위,온도 기준 이상 없음
management-0321,management,3,watch,clearfarm_rule_policy,ClearFarm,clearfarm:exp3:penB3.3,2022-06-07,2022-06-07 23:59:59,1,0.6,0.6,0.0,medium,policy:caution rule: management: feed_drop,"급이기 작동, 사료 잔량, 급이 스케줄, 섭취 저하 원인 확인",normal,정상 범위,온도 기준 이상 없음
management-0322,management,3,watch,clearfarm_rule_policy,ClearFarm,clearfarm:exp3:penD2.3,2022-06-07,2022-06-07 23:59:59,1,0.6,0.6,0.0,medium,policy:caution rule: management: feed_drop,"급이기 작동, 사료 잔량, 급이 스케줄, 섭취 저하 원인 확인",normal,정상 범위,온도 기준 이상 없음
management-0323,management,3,watch,clearfarm_rule_policy,ClearFarm,clearfarm:exp3:penD3.3,2022-06-07,2022-06-07 23:59:59,1,0.6,0.6,0.0,medium,policy:caution rule: management: feed_drop,"급이기 작동, 사료 잔량, 급이 스케줄, 섭취 저하 원인 확인",normal,정상 범위,온도 기준 이상 없음
management-0324,management,3,watch,clearfarm_rule_policy,ClearFarm,clearfarm:exp3:penA2.3,2022-06-10,2022-06-10 23:59:59,1,0.6,0.6,0.0,medium,policy:caution rule: management: feed_drop,"급이기 작동, 사료 잔량, 급이 스케줄, 섭취 저하 원인 확인",normal,정상 범위,온도 기준 이상 없음
management-0325,management,3,watch,clearfarm_rule_policy,ClearFarm,clearfarm:exp3:penA3.3,2022-06-10,2022-06-10 23:59:59,1,0.6,0.6,0.0,medium,policy:caution rule: management: feed_drop,"급이기 작동, 사료 잔량, 급이 스케줄, 섭취 저하 원인 확인",normal,정상 범위,온도 기준 이상 없음
management-0326,management,3,watch,clearfarm_rule_policy,ClearFarm,clearfarm:exp3:penA2.3,2022-06-17,2022-06-17 23:59:59,1,0.6,0.6,0.0,medium,policy:caution rule: management: feed_drop,"급이기 작동, 사료 잔량, 급이 스케줄, 섭취 저하 원인 확인",balanced,균형,환경 이상 기본 기준 후보
management-0327,management,3,watch,clearfarm_rule_policy,ClearFarm,clearfarm:exp3:penA3.3,2022-06-17,2022-06-17 23:59:59,1,0.6,0.6,0.0,medium,policy:caution rule: management: feed_drop,"급이기 작동, 사료 잔량, 급이 스케줄, 섭취 저하 원인 확인",balanced,균형,환경 이상 기본 기준 후보
management-0328,management,3,watch,clearfarm_rule_policy,ClearFarm,clearfarm:exp3:penA2.3,2022-07-08,2022-07-08 23:59:59,1,0.6,0.6,0.0,medium,policy:caution rule: management: feed_drop,"급이기 작동, 사료 잔량, 급이 스케줄, 섭취 저하 원인 확인",normal,정상 범위,온도 기준 이상 없음
management-0329,management,3,watch,clearfarm_rule_policy,ClearFarm,clearfarm:exp3:penA3.3,2022-07-08,2022-07-08 23:59:59,1,0.6,0.6,0.0,medium,policy:caution rule: management: feed_drop,"급이기 작동, 사료 잔량, 급이 스케줄, 섭취 저하 원인 확인",normal,정상 범위,온도 기준 이상 없음
management-0330,management,3,watch,clearfarm_rule_policy,ClearFarm,clearfarm:exp3:penA3.3,2022-07-12,2022-07-12 23:59:59,1,0.6,0.6,0.0,medium,policy:caution rule: management: feed_drop,"급이기 작동, 사료 잔량, 급이 스케줄, 섭취 저하 원인 확인",balanced,균형,환경 이상 기본 기준 후보
management-0331,management,3,watch,clearfarm_rule_policy,ClearFarm,clearfarm:exp3:penA3.3,2022-07-29,2022-07-29 23:59:59,1,0.6,0.6,0.0,medium,policy:caution rule: management: feed_drop,"급이기 작동, 사료 잔량, 급이 스케줄, 섭취 저하 원인 확인",screening,선별,관찰/추세 확인 후보
management-0332,management,3,watch,clearfarm_rule_policy,ClearFarm,clearfarm:exp3:penB3.3,2022-08-19,2022-08-19 23:59:59,1,0.6,0.6,0.0,medium,policy:caution rule: management: feed_drop,"급이기 작동, 사료 잔량, 급이 스케줄, 섭취 저하 원인 확인",balanced,균형,환경 이상 기본 기준 후보
management-0333,management,3,watch,clearfarm_rule_policy,ClearFarm,clearfarm:exp4:penA3.4,2022-09-20,2022-09-20 23:59:59,1,0.6,0.6,0.0,medium,policy:caution rule: management: feed_drop,"급이기 작동, 사료 잔량, 급이 스케줄, 섭취 저하 원인 확인",normal,정상 범위,온도 기준 이상 없음
management-0334,management,3,watch,clearfarm_rule_policy,ClearFarm,clearfarm:exp4:penC2.4,2022-09-20,2022-09-20 23:59:59,1,0.6,0.6,0.0,medium,policy:caution rule: management: feed_drop,"급이기 작동, 사료 잔량, 급이 스케줄, 섭취 저하 원인 확인",normal,정상 범위,온도 기준 이상 없음
management-0335,management,3,watch,clearfarm_rule_policy,ClearFarm,clearfarm:exp4:penA3.4,2022-09-23,2022-09-23 23:59:59,1,0.6,0.6,0.0,medium,policy:caution rule: management: feed_drop,"급이기 작동, 사료 잔량, 급이 스케줄, 섭취 저하 원인 확인",normal,정상 범위,온도 기준 이상 없음
management-0336,management,3,watch,clearfarm_rule_policy,ClearFarm,clearfarm:exp4:penC2.4,2022-09-23,2022-09-23 23:59:59,1,0.6,0.6,0.0,medium,policy:caution rule: management: feed_drop,"급이기 작동, 사료 잔량, 급이 스케줄, 섭취 저하 원인 확인",normal,정상 범위,온도 기준 이상 없음
management-0337,management,3,watch,clearfarm_rule_policy,ClearFarm,clearfarm:exp4:penC3.4,2022-09-23,2022-09-23 23:59:59,1,0.6,0.6,0.0,medium,policy:caution rule: management: feed_drop,"급이기 작동, 사료 잔량, 급이 스케줄, 섭취 저하 원인 확인",normal,정상 범위,온도 기준 이상 없음
management-0338,management,3,watch,clearfarm_rule_policy,ClearFarm,clearfarm:exp4:penA2.4,2022-09-27,2022-09-27 23:59:59,1,0.6,0.6,0.0,medium,policy:caution rule: management: feed_drop,"급이기 작동, 사료 잔량, 급이 스케줄, 섭취 저하 원인 확인",normal,정상 범위,온도 기준 이상 없음
management-0339,management,3,watch,clearfarm_rule_policy,ClearFarm,clearfarm:exp4:penA3.4,2022-09-27,2022-09-27 23:59:59,1,0.6,0.6,0.0,medium,policy:caution rule: management: feed_drop,"급이기 작동, 사료 잔량, 급이 스케줄, 섭취 저하 원인 확인",normal,정상 범위,온도 기준 이상 없음
management-0340,management,3,watch,clearfarm_rule_policy,ClearFarm,clearfarm:exp4:penC2.4,2022-09-27,2022-09-27 23:59:59,1,0.6,0.6,0.0,medium,policy:caution rule: management: feed_drop,"급이기 작동, 사료 잔량, 급이 스케줄, 섭취 저하 원인 확인",normal,정상 범위,온도 기준 이상 없음
management-0341,management,3,watch,clearfarm_rule_policy,ClearFarm,clearfarm:exp4:penA3.4,2022-09-30,2022-09-30 23:59:59,1,0.6,0.6,0.0,medium,policy:caution rule: management: feed_drop,"급이기 작동, 사료 잔량, 급이 스케줄, 섭취 저하 원인 확인",normal,정상 범위,온도 기준 이상 없음
management-0342,management,3,watch,clearfarm_rule_policy,ClearFarm,clearfarm:exp4:penC2.4,2022-09-30,2022-09-30 23:59:59,1,0.6,0.6,0.0,medium,policy:caution rule: management: feed_drop,"급이기 작동, 사료 잔량, 급이 스케줄, 섭취 저하 원인 확인",normal,정상 범위,온도 기준 이상 없음
management-0343,management,3,watch,clearfarm_rule_policy,ClearFarm,clearfarm:exp4:penA2.4,2022-10-04,2022-10-04 23:59:59,1,0.6,0.6,0.0,medium,policy:caution rule: management: feed_drop,"급이기 작동, 사료 잔량, 급이 스케줄, 섭취 저하 원인 확인",normal,정상 범위,온도 기준 이상 없음
management-0344,management,3,watch,clearfarm_rule_policy,ClearFarm,clearfarm:exp4:penA3.4,2022-10-07,2022-10-07 23:59:59,1,0.6,0.6,0.0,medium,policy:caution rule: management: feed_drop,"급이기 작동, 사료 잔량, 급이 스케줄, 섭취 저하 원인 확인",normal,정상 범위,온도 기준 이상 없음
management-0345,management,3,watch,clearfarm_rule_policy,ClearFarm,clearfarm:exp4:penA2.4,2022-10-11,2022-10-11 23:59:59,1,0.6,0.6,0.0,medium,policy:caution rule: management: feed_drop,"급이기 작동, 사료 잔량, 급이 스케줄, 섭취 저하 원인 확인",normal,정상 범위,온도 기준 이상 없음
management-0346,management,3,watch,clearfarm_rule_policy,ClearFarm,clearfarm:exp4:penA3.4,2022-10-11,2022-10-11 23:59:59,1,0.6,0.6,0.0,medium,policy:caution rule: management: feed_drop,"급이기 작동, 사료 잔량, 급이 스케줄, 섭취 저하 원인 확인",normal,정상 범위,온도 기준 이상 없음
management-0347,management,3,watch,clearfarm_rule_policy,ClearFarm,clearfarm:exp4:penA2.4,2022-10-14,2022-10-14 23:59:59,1,0.6,0.6,0.0,medium,policy:caution rule: management: feed_drop,"급이기 작동, 사료 잔량, 급이 스케줄, 섭취 저하 원인 확인",normal,정상 범위,온도 기준 이상 없음
management-0348,management,3,watch,clearfarm_rule_policy,ClearFarm,clearfarm:exp4:penA3.4,2022-10-14,2022-10-14 23:59:59,1,0.6,0.6,0.0,medium,policy:caution rule: management: feed_drop,"급이기 작동, 사료 잔량, 급이 스케줄, 섭취 저하 원인 확인",normal,정상 범위,온도 기준 이상 없음
management-0349,management,3,watch,clearfarm_rule_policy,ClearFarm,clearfarm:exp4:penD3.4,2022-10-14,2022-10-14 23:59:59,1,0.6,0.6,0.0,medium,policy:caution rule: management: feed_drop,"급이기 작동, 사료 잔량, 급이 스케줄, 섭취 저하 원인 확인",normal,정상 범위,온도 기준 이상 없음
management-0350,management,3,watch,clearfarm_rule_policy,ClearFarm,clearfarm:exp4:penA2.4,2022-10-18,2022-10-18 23:59:59,1,0.6,0.6,0.0,medium,policy:caution rule: management: feed_drop,"급이기 작동, 사료 잔량, 급이 스케줄, 섭취 저하 원인 확인",normal,정상 범위,온도 기준 이상 없음
management-0351,management,3,watch,clearfarm_rule_policy,ClearFarm,clearfarm:exp4:penA3.4,2022-10-18,2022-10-18 23:59:59,1,0.6,0.6,0.0,medium,policy:caution rule: management: feed_drop,"급이기 작동, 사료 잔량, 급이 스케줄, 섭취 저하 원인 확인",normal,정상 범위,온도 기준 이상 없음
management-0352,management,3,watch,clearfarm_rule_policy,ClearFarm,clearfarm:exp4:penA3.4,2022-10-21,2022-10-21 23:59:59,1,0.6,0.6,0.0,medium,policy:caution rule: management: feed_drop,"급이기 작동, 사료 잔량, 급이 스케줄, 섭취 저하 원인 확인",normal,정상 범위,온도 기준 이상 없음
management-0353,management,3,watch,clearfarm_rule_policy,ClearFarm,clearfarm:exp4:penB2.4,2022-10-21,2022-10-21 23:59:59,1,0.6,0.6,0.0,medium,policy:caution rule: management: feed_drop,"급이기 작동, 사료 잔량, 급이 스케줄, 섭취 저하 원인 확인",normal,정상 범위,온도 기준 이상 없음
management-0354,management,3,watch,clearfarm_rule_policy,ClearFarm,clearfarm:exp4:penD2.4,2022-10-25,2022-10-25 23:59:59,1,0.6,0.6,0.0,medium,policy:caution rule: management: feed_drop,"급이기 작동, 사료 잔량, 급이 스케줄, 섭취 저하 원인 확인",normal,정상 범위,온도 기준 이상 없음
management-0355,management,3,watch,clearfarm_rule_policy,ClearFarm,clearfarm:exp4:penC2.4,2022-11-01,2022-11-01 23:59:59,1,0.6,0.6,0.0,medium,policy:caution rule: management: feed_drop,"급이기 작동, 사료 잔량, 급이 스케줄, 섭취 저하 원인 확인",normal,정상 범위,온도 기준 이상 없음
management-0356,management,3,watch,clearfarm_rule_policy,ClearFarm,clearfarm:exp4:penD3.4,2022-11-01,2022-11-01 23:59:59,1,0.6,0.6,0.0,medium,policy:caution rule: management: feed_drop,"급이기 작동, 사료 잔량, 급이 스케줄, 섭취 저하 원인 확인",normal,정상 범위,온도 기준 이상 없음
management-0357,management,3,watch,clearfarm_rule_policy,ClearFarm,clearfarm:exp4:penB3.4,2022-11-08,2022-11-08 23:59:59,1,0.6,0.6,0.0,medium,policy:caution rule: management: feed_drop,"급이기 작동, 사료 잔량, 급이 스케줄, 섭취 저하 원인 확인",normal,정상 범위,온도 기준 이상 없음
management-0358,management,3,watch,clearfarm_rule_policy,ClearFarm,clearfarm:exp4:penD2.4,2022-11-08,2022-11-08 23:59:59,1,0.6,0.6,0.0,medium,policy:caution rule: management: feed_drop,"급이기 작동, 사료 잔량, 급이 스케줄, 섭취 저하 원인 확인",normal,정상 범위,온도 기준 이상 없음
management-0359,management,3,watch,clearfarm_rule_policy,ClearFarm,clearfarm:exp4:penA3.4,2022-11-15,2022-11-15 23:59:59,1,0.6,0.6,0.0,medium,policy:caution rule: management: feed_drop,"급이기 작동, 사료 잔량, 급이 스케줄, 섭취 저하 원인 확인",normal,정상 범위,온도 기준 이상 없음
management-0360,management,3,watch,clearfarm_rule_policy,ClearFarm,clearfarm:exp4:penA2.4,2022-11-21,2022-11-21 23:59:59,1,0.6,0.6,0.0,medium,policy:caution rule: management: feed_drop,"급이기 작동, 사료 잔량, 급이 스케줄, 섭취 저하 원인 확인",normal,정상 범위,온도 기준 이상 없음
management-0361,management,3,watch,clearfarm_rule_policy,ClearFarm,clearfarm:exp4:penA2.4,2022-11-25,2022-11-25 23:59:59,1,0.6,0.6,0.0,medium,policy:caution rule: management: feed_drop,"급이기 작동, 사료 잔량, 급이 스케줄, 섭취 저하 원인 확인",normal,정상 범위,온도 기준 이상 없음
management-0362,management,3,watch,clearfarm_rule_policy,ClearFarm,clearfarm:exp4:penA3.4,2022-12-06,2022-12-06 23:59:59,1,0.6,0.6,0.0,medium,policy:caution rule: management: feed_drop,"급이기 작동, 사료 잔량, 급이 스케줄, 섭취 저하 원인 확인",normal,정상 범위,온도 기준 이상 없음
